{
  "0": {
    "parents": [
      1,
      2,
      4
    ],
    "prob": [
      [
        [
          0,
          0,
          0
        ],
        0.9999970229503493
      ],
      [
        [
          0,
          0,
          1
        ],
        0.73541729903358
      ],
      [
        [
          0,
          1,
          0
        ],
        0.9999999932642917
      ],
      [
        [
          0,
          1,
          1
        ],
        0.9999996931668635
      ],
      [
        [
          1,
          0,
          0
        ],
        0.9997985376340524
      ],
      [
        [
          1,
          0,
          1
        ],
        1.0
      ],
      [
        [
          1,
          1,
          0
        ],
        0.9989250691268653
      ],
      [
        [
          1,
          1,
          1
        ],
        0.9358978327264966
      ]
    ]
  },
  "1": {
    "parents": [
      4
    ],
    "prob": [
      [
        [
          0
        ],
        0.884340703479045
      ],
      [
        [
          1
        ],
        0.3977846822012835
      ]
    ]
  },
  "2": {
    "parents": [
      3
    ],
    "prob": [
      [
        [
          0
        ],
        0.8588964730258096
      ],
      [
        [
          1
        ],
        0.9999997556731091
      ]
    ]
  },
  "3": {
    "parents": [
      4
    ],
    "prob": [
      [
        [
          0
        ],
        0.7339417425861507
      ],
      [
        [
          1
        ],
        0.9999596264260892
      ]
    ]
  },
  "4": {
    "parents": [],
    "prob": [
      [
        [],
        0.9999999940975166
      ]
    ]
  }
}