{
  "0": {
    "parents": [],
    "prob": [
      [
        [],
        0.0014220856066055937
      ]
    ]
  },
  "1": {
    "parents": [],
    "prob": [
      [
        [],
        2.3091297880237795e-09
      ]
    ]
  },
  "2": {
    "parents": [],
    "prob": [
      [
        [],
        0.03690649174154799
      ]
    ]
  },
  "3": {
    "parents": [
      1,
      2
    ],
    "prob": [
      [
        [
          0,
          0
        ],
        0.003403167875475082
      ],
      [
        [
          0,
          1
        ],
        0.07153032865559521
      ],
      [
        [
          1,
          0
        ],
        2.2603025980658414e-05
      ],
      [
        [
          1,
          1
        ],
        0.4303695029470219
      ]
    ]
  },
  "4": {
    "parents": [
      0
    ],
    "prob": [
      [
        [
          0
        ],
        0.9112510725074381
      ],
      [
        [
          1
        ],
        6.422249876856589e-05
      ]
    ]
  },
  "5": {
    "parents": [],
    "prob": [
      [
        [],
        0.06481799547685639
      ]
    ]
  },
  "6": {
    "parents": [
      0,
      5
    ],
    "prob": [
      [
        [
          0,
          0
        ],
        1.293005547206777e-05
      ],
      [
        [
          0,
          1
        ],
        1.6213971423031498e-06
      ],
      [
        [
          1,
          0
        ],
        0.0002926915096418219
      ],
      [
        [
          1,
          1
        ],
        0.00020402993265878274
      ]
    ]
  },
  "7": {
    "parents": [
      2
    ],
    "prob": [
      [
        [
          0
        ],
        0.7221573550731104
      ],
      [
        [
          1
        ],
        7.89592173507612e-05
      ]
    ]
  },
  "8": {
    "parents": [
      5
    ],
    "prob": [
      [
        [
          0
        ],
        0.00024182037696533694
      ],
      [
        [
          1
        ],
        0.01258911193448054
      ]
    ]
  },
  "9": {
    "parents": [
      0,
      3
    ],
    "prob": [
      [
        [
          0,
          0
        ],
        0.10914081024772448
      ],
      [
        [
          0,
          1
        ],
        0.6106423172687342
      ],
      [
        [
          1,
          0
        ],
        5.450533668441976e-06
      ],
      [
        [
          1,
          1
        ],
        0.003961910248638609
      ]
    ]
  }
}