{
  "0": {
    "parents": [],
    "prob": [
      [
        [],
        0.999945046744493
      ]
    ]
  },
  "1": {
    "parents": [
      0
    ],
    "prob": [
      [
        [
          0
        ],
        0.9948072144755769
      ],
      [
        [
          1
        ],
        0.9984257995464816
      ]
    ]
  },
  "2": {
    "parents": [
      1
    ],
    "prob": [
      [
        [
          0
        ],
        0.9999999262188649
      ],
      [
        [
          1
        ],
        0.9639741819140258
      ]
    ]
  },
  "3": {
    "parents": [
      2
    ],
    "prob": [
      [
        [
          0
        ],
        0.999999999999743
      ],
      [
        [
          1
        ],
        0.9999999999993864
      ]
    ]
  },
  "4": {
    "parents": [
      3
    ],
    "prob": [
      [
        [
          0
        ],
        0.9957554115987609
      ],
      [
        [
          1
        ],
        0.8737209389710173
      ]
    ]
  }
}