{
  "0": {
    "parents": [],
    "prob": [
      [
        [],
        0.9251489566723227
      ]
    ]
  },
  "1": {
    "parents": [],
    "prob": [
      [
        [],
        0.7562281151522058
      ]
    ]
  },
  "2": {
    "parents": [
      1
    ],
    "prob": [
      [
        [
          0
        ],
        0.8161020384665676
      ],
      [
        [
          1
        ],
        0.4419932192811112
      ]
    ]
  },
  "3": {
    "parents": [
      2
    ],
    "prob": [
      [
        [
          0
        ],
        0.01642569343859646
      ],
      [
        [
          1
        ],
        0.3152713610391982
      ]
    ]
  },
  "4": {
    "parents": [],
    "prob": [
      [
        [],
        0.9535532558214541
      ]
    ]
  },
  "5": {
    "parents": [
      0,
      4
    ],
    "prob": [
      [
        [
          0,
          0
        ],
        0.6359959420800327
      ],
      [
        [
          0,
          1
        ],
        0.015845650048920794
      ],
      [
        [
          1,
          0
        ],
        0.9217107955708155
      ],
      [
        [
          1,
          1
        ],
        0.9159859553431727
      ]
    ]
  },
  "6": {
    "parents": [],
    "prob": [
      [
        [],
        0.8869186850652985
      ]
    ]
  },
  "7": {
    "parents": [
      1,
      6
    ],
    "prob": [
      [
        [
          0,
          0
        ],
        0.18746386413795657
      ],
      [
        [
          0,
          1
        ],
        0.38036325341278515
      ],
      [
        [
          1,
          0
        ],
        0.6063591888831621
      ],
      [
        [
          1,
          1
        ],
        0.6072675282573502
      ]
    ]
  },
  "8": {
    "parents": [
      5
    ],
    "prob": [
      [
        [
          0
        ],
        0.33802534101601883
      ],
      [
        [
          1
        ],
        0.7240003299386738
      ]
    ]
  },
  "9": {
    "parents": [
      3,
      4
    ],
    "prob": [
      [
        [
          0,
          0
        ],
        0.5701104598324716
      ],
      [
        [
          0,
          1
        ],
        0.8634079670167173
      ],
      [
        [
          1,
          0
        ],
        0.9479143556677994
      ],
      [
        [
          1,
          1
        ],
        0.9636935388694388
      ]
    ]
  }
}