{
  "0": {
    "parents": [],
    "prob": [
      [
        [],
        0.7614444351467619
      ]
    ]
  },
  "1": {
    "parents": [
      0
    ],
    "prob": [
      [
        [
          0
        ],
        0.40133734892694795
      ],
      [
        [
          1
        ],
        0.5449611607896263
      ]
    ]
  },
  "2": {
    "parents": [],
    "prob": [
      [
        [],
        0.31738053708798286
      ]
    ]
  },
  "3": {
    "parents": [
      2
    ],
    "prob": [
      [
        [
          0
        ],
        0.03329862314822427
      ],
      [
        [
          1
        ],
        0.9797513489374793
      ]
    ]
  },
  "4": {
    "parents": [
      3
    ],
    "prob": [
      [
        [
          0
        ],
        0.47591129334319
      ],
      [
        [
          1
        ],
        0.6848564432096673
      ]
    ]
  },
  "5": {
    "parents": [],
    "prob": [
      [
        [],
        0.8309552789342131
      ]
    ]
  },
  "6": {
    "parents": [
      1,
      5
    ],
    "prob": [
      [
        [
          0,
          0
        ],
        0.2797916415682833
      ],
      [
        [
          0,
          1
        ],
        0.6386143781102579
      ],
      [
        [
          1,
          0
        ],
        0.8498167147983157
      ],
      [
        [
          1,
          1
        ],
        0.6640582198228687
      ]
    ]
  },
  "7": {
    "parents": [
      2
    ],
    "prob": [
      [
        [
          0
        ],
        0.5781668965143055
      ],
      [
        [
          1
        ],
        0.5746350828241424
      ]
    ]
  },
  "8": {
    "parents": [
      4,
      5
    ],
    "prob": [
      [
        [
          0,
          0
        ],
        0.8469423653736449
      ],
      [
        [
          0,
          1
        ],
        0.18363216873868202
      ],
      [
        [
          1,
          0
        ],
        0.5106127121512191
      ],
      [
        [
          1,
          1
        ],
        0.28310122604186444
      ]
    ]
  },
  "9": {
    "parents": [
      0
    ],
    "prob": [
      [
        [
          0
        ],
        0.501609317742575
      ],
      [
        [
          1
        ],
        0.21515591652362112
      ]
    ]
  },
  "10": {
    "parents": [],
    "prob": [
      [
        [],
        0.9683829188780104
      ]
    ]
  },
  "11": {
    "parents": [
      8,
      10
    ],
    "prob": [
      [
        [
          0,
          0
        ],
        0.7972067759504651
      ],
      [
        [
          0,
          1
        ],
        0.6160551772094693
      ],
      [
        [
          1,
          0
        ],
        0.6178895063902119
      ],
      [
        [
          1,
          1
        ],
        0.45445492613141125
      ]
    ]
  },
  "12": {
    "parents": [
      10
    ],
    "prob": [
      [
        [
          0
        ],
        0.45967273854483803
      ],
      [
        [
          1
        ],
        0.1123227235981338
      ]
    ]
  },
  "13": {
    "parents": [
      5
    ],
    "prob": [
      [
        [
          0
        ],
        0.2969614084900499
      ],
      [
        [
          1
        ],
        0.9969905470274941
      ]
    ]
  },
  "14": {
    "parents": [
      3
    ],
    "prob": [
      [
        [
          0
        ],
        0.231508938986625
      ],
      [
        [
          1
        ],
        0.2874846047406623
      ]
    ]
  },
  "15": {
    "parents": [
      13
    ],
    "prob": [
      [
        [
          0
        ],
        0.2732557590790436
      ],
      [
        [
          1
        ],
        0.23342891035063298
      ]
    ]
  },
  "16": {
    "parents": [],
    "prob": [
      [
        [],
        0.3802439802172051
      ]
    ]
  },
  "17": {
    "parents": [],
    "prob": [
      [
        [],
        0.02020217718149619
      ]
    ]
  },
  "18": {
    "parents": [],
    "prob": [
      [
        [],
        0.4058626806486867
      ]
    ]
  },
  "19": {
    "parents": [
      18
    ],
    "prob": [
      [
        [
          0
        ],
        0.7599625061032563
      ],
      [
        [
          1
        ],
        0.9889996552824646
      ]
    ]
  },
  "20": {
    "parents": [
      15,
      16
    ],
    "prob": [
      [
        [
          0,
          0
        ],
        0.2986935521045494
      ],
      [
        [
          0,
          1
        ],
        0.5541337326473842
      ],
      [
        [
          1,
          0
        ],
        0.10872785410008479
      ],
      [
        [
          1,
          1
        ],
        0.5441860125536371
      ]
    ]
  },
  "21": {
    "parents": [
      17
    ],
    "prob": [
      [
        [
          0
        ],
        0.2876858427864633
      ],
      [
        [
          1
        ],
        0.030209485680115042
      ]
    ]
  },
  "22": {
    "parents": [
      9
    ],
    "prob": [
      [
        [
          0
        ],
        0.7925888789444046
      ],
      [
        [
          1
        ],
        0.912810801335207
      ]
    ]
  },
  "23": {
    "parents": [
      21
    ],
    "prob": [
      [
        [
          0
        ],
        0.1837403853074098
      ],
      [
        [
          1
        ],
        0.5131017622425502
      ]
    ]
  },
  "24": {
    "parents": [
      17
    ],
    "prob": [
      [
        [
          0
        ],
        0.36133751698290417
      ],
      [
        [
          1
        ],
        0.036050483132398274
      ]
    ]
  }
}