{
  "0": {
    "parents": [],
    "prob": [
      [
        [],
        0.19300642642764435
      ]
    ]
  },
  "1": {
    "parents": [
      0
    ],
    "prob": [
      [
        [
          0
        ],
        0.11270914461806361
      ],
      [
        [
          1
        ],
        0.6241121170985062
      ]
    ]
  },
  "2": {
    "parents": [],
    "prob": [
      [
        [],
        0.14685378607491556
      ]
    ]
  },
  "3": {
    "parents": [
      0,
      2
    ],
    "prob": [
      [
        [
          0,
          0
        ],
        0.2487709844788118
      ],
      [
        [
          0,
          1
        ],
        0.832346248195618
      ],
      [
        [
          1,
          0
        ],
        0.09741146552910898
      ],
      [
        [
          1,
          1
        ],
        0.9476017372190935
      ]
    ]
  },
  "4": {
    "parents": [],
    "prob": [
      [
        [],
        0.2760889218563016
      ]
    ]
  },
  "5": {
    "parents": [
      3,
      4
    ],
    "prob": [
      [
        [
          0,
          0
        ],
        0.29148678793370836
      ],
      [
        [
          0,
          1
        ],
        0.3811712662041054
      ],
      [
        [
          1,
          0
        ],
        0.7019160850189363
      ],
      [
        [
          1,
          1
        ],
        0.7310475348953578
      ]
    ]
  },
  "6": {
    "parents": [
      4
    ],
    "prob": [
      [
        [
          0
        ],
        0.8765821876607276
      ],
      [
        [
          1
        ],
        0.63101176388782
      ]
    ]
  },
  "7": {
    "parents": [],
    "prob": [
      [
        [],
        0.9422444176583903
      ]
    ]
  },
  "8": {
    "parents": [
      7
    ],
    "prob": [
      [
        [
          0
        ],
        0.8954312633284183
      ],
      [
        [
          1
        ],
        0.8526248904035939
      ]
    ]
  },
  "9": {
    "parents": [],
    "prob": [
      [
        [],
        0.7878571392634564
      ]
    ]
  }
}