{
  "0": {
    "parents": [],
    "prob": [
      [
        [],
        4.3860332846981063e-08
      ]
    ]
  },
  "1": {
    "parents": [
      0
    ],
    "prob": [
      [
        [
          0
        ],
        2.1018958797642196e-08
      ],
      [
        [
          1
        ],
        0.3906588955313835
      ]
    ]
  },
  "2": {
    "parents": [
      0
    ],
    "prob": [
      [
        [
          0
        ],
        0.22230608115344472
      ],
      [
        [
          1
        ],
        1.5708342251223802e-08
      ]
    ]
  },
  "3": {
    "parents": [
      2
    ],
    "prob": [
      [
        [
          0
        ],
        0.00040635802179397066
      ],
      [
        [
          1
        ],
        3.9458370112192325e-06
      ]
    ]
  },
  "4": {
    "parents": [
      2
    ],
    "prob": [
      [
        [
          0
        ],
        0.3456587729464638
      ],
      [
        [
          1
        ],
        8.003405133905318e-12
      ]
    ]
  }
}