{
  "0": {
    "parents": [],
    "prob": [
      [
        [],
        0.5576317502743413
      ]
    ]
  },
  "1": {
    "parents": [
      0
    ],
    "prob": [
      [
        [
          0
        ],
        0.001543254131236178
      ],
      [
        [
          1
        ],
        0.005540096383521276
      ]
    ]
  },
  "2": {
    "parents": [
      1
    ],
    "prob": [
      [
        [
          0
        ],
        0.13601655917337654
      ],
      [
        [
          1
        ],
        0.716115955048407
      ]
    ]
  },
  "3": {
    "parents": [
      1
    ],
    "prob": [
      [
        [
          0
        ],
        0.10043607550918322
      ],
      [
        [
          1
        ],
        0.6340539558161796
      ]
    ]
  },
  "4": {
    "parents": [
      3
    ],
    "prob": [
      [
        [
          0
        ],
        0.0038183185101809216
      ],
      [
        [
          1
        ],
        0.1074380729201189
      ]
    ]
  },
  "5": {
    "parents": [
      4
    ],
    "prob": [
      [
        [
          0
        ],
        0.08395783527502328
      ],
      [
        [
          1
        ],
        0.05718123880092409
      ]
    ]
  },
  "6": {
    "parents": [
      0
    ],
    "prob": [
      [
        [
          0
        ],
        0.003300487969131089
      ],
      [
        [
          1
        ],
        0.18828215131098747
      ]
    ]
  },
  "7": {
    "parents": [
      5
    ],
    "prob": [
      [
        [
          0
        ],
        1.2218760906383829e-05
      ],
      [
        [
          1
        ],
        0.8775701944405812
      ]
    ]
  },
  "8": {
    "parents": [
      0
    ],
    "prob": [
      [
        [
          0
        ],
        0.016150909539226693
      ],
      [
        [
          1
        ],
        0.004231914246899702
      ]
    ]
  },
  "9": {
    "parents": [
      2
    ],
    "prob": [
      [
        [
          0
        ],
        0.4882681086106216
      ],
      [
        [
          1
        ],
        0.7854905910323613
      ]
    ]
  },
  "10": {
    "parents": [
      8
    ],
    "prob": [
      [
        [
          0
        ],
        0.683408482840053
      ],
      [
        [
          1
        ],
        0.006877602749864348
      ]
    ]
  },
  "11": {
    "parents": [
      2
    ],
    "prob": [
      [
        [
          0
        ],
        0.01726454847974219
      ],
      [
        [
          1
        ],
        0.2112590049464484
      ]
    ]
  },
  "12": {
    "parents": [
      8
    ],
    "prob": [
      [
        [
          0
        ],
        0.005460632866912266
      ],
      [
        [
          1
        ],
        0.47409950357771635
      ]
    ]
  },
  "13": {
    "parents": [
      1
    ],
    "prob": [
      [
        [
          0
        ],
        0.016722803170624773
      ],
      [
        [
          1
        ],
        0.15964236370520332
      ]
    ]
  },
  "14": {
    "parents": [
      0
    ],
    "prob": [
      [
        [
          0
        ],
        0.1329445185955495
      ],
      [
        [
          1
        ],
        0.5928928192004889
      ]
    ]
  },
  "15": {
    "parents": [
      14
    ],
    "prob": [
      [
        [
          0
        ],
        0.09835281396498177
      ],
      [
        [
          1
        ],
        0.13203438376707743
      ]
    ]
  },
  "16": {
    "parents": [
      11
    ],
    "prob": [
      [
        [
          0
        ],
        0.008571466128368767
      ],
      [
        [
          1
        ],
        0.7734969039266865
      ]
    ]
  },
  "17": {
    "parents": [
      3
    ],
    "prob": [
      [
        [
          0
        ],
        0.7942677604356574
      ],
      [
        [
          1
        ],
        0.006405675500780492
      ]
    ]
  },
  "18": {
    "parents": [
      15
    ],
    "prob": [
      [
        [
          0
        ],
        0.881495328907153
      ],
      [
        [
          1
        ],
        0.10923227144652006
      ]
    ]
  },
  "19": {
    "parents": [
      10
    ],
    "prob": [
      [
        [
          0
        ],
        0.23618157590276775
      ],
      [
        [
          1
        ],
        0.41423036409217195
      ]
    ]
  },
  "20": {
    "parents": [
      17
    ],
    "prob": [
      [
        [
          0
        ],
        0.5143182065920716
      ],
      [
        [
          1
        ],
        0.6785972077578131
      ]
    ]
  },
  "21": {
    "parents": [
      11
    ],
    "prob": [
      [
        [
          0
        ],
        0.09754045102272921
      ],
      [
        [
          1
        ],
        0.15715023563129416
      ]
    ]
  },
  "22": {
    "parents": [
      17
    ],
    "prob": [
      [
        [
          0
        ],
        0.0704828850643497
      ],
      [
        [
          1
        ],
        0.07622699475056274
      ]
    ]
  },
  "23": {
    "parents": [
      17
    ],
    "prob": [
      [
        [
          0
        ],
        0.0024890873034785553
      ],
      [
        [
          1
        ],
        0.4844358223867787
      ]
    ]
  },
  "24": {
    "parents": [
      15
    ],
    "prob": [
      [
        [
          0
        ],
        0.05813516279837975
      ],
      [
        [
          1
        ],
        0.8984990374353652
      ]
    ]
  }
}