{
  "0": {
    "parents": [],
    "prob": [
      [
        [],
        0.5314511680197525
      ]
    ]
  },
  "1": {
    "parents": [
      0
    ],
    "prob": [
      [
        [
          0
        ],
        0.044059115344000116
      ],
      [
        [
          1
        ],
        0.2954330034323992
      ]
    ]
  },
  "2": {
    "parents": [
      1
    ],
    "prob": [
      [
        [
          0
        ],
        0.8761336031718895
      ],
      [
        [
          1
        ],
        0.787287505239645
      ]
    ]
  },
  "3": {
    "parents": [
      2
    ],
    "prob": [
      [
        [
          0
        ],
        0.6344234214019577
      ],
      [
        [
          1
        ],
        0.008213957009066844
      ]
    ]
  },
  "4": {
    "parents": [
      2
    ],
    "prob": [
      [
        [
          0
        ],
        0.7619070755132289
      ],
      [
        [
          1
        ],
        0.000971831878309507
      ]
    ]
  }
}