{
  "0": {
    "parents": [],
    "prob": [
      [
        [],
        0.6974912871210621
      ]
    ]
  },
  "1": {
    "parents": [
      0
    ],
    "prob": [
      [
        [
          0
        ],
        0.4571227463405373
      ],
      [
        [
          1
        ],
        0.611481179277484
      ]
    ]
  },
  "2": {
    "parents": [
      1
    ],
    "prob": [
      [
        [
          0
        ],
        0.5273789977555957
      ],
      [
        [
          1
        ],
        0.5159813064223918
      ]
    ]
  },
  "3": {
    "parents": [
      1
    ],
    "prob": [
      [
        [
          0
        ],
        0.10163460278090584
      ],
      [
        [
          1
        ],
        0.9874019320190394
      ]
    ]
  },
  "4": {
    "parents": [
      2
    ],
    "prob": [
      [
        [
          0
        ],
        0.8492978560613578
      ],
      [
        [
          1
        ],
        0.3103350521027327
      ]
    ]
  },
  "5": {
    "parents": [
      1
    ],
    "prob": [
      [
        [
          0
        ],
        0.6092372298194327
      ],
      [
        [
          1
        ],
        4.959127863928765e-05
      ]
    ]
  },
  "6": {
    "parents": [
      2
    ],
    "prob": [
      [
        [
          0
        ],
        0.013946347353907405
      ],
      [
        [
          1
        ],
        0.8609232726803722
      ]
    ]
  },
  "7": {
    "parents": [
      5
    ],
    "prob": [
      [
        [
          0
        ],
        0.30442935608673816
      ],
      [
        [
          1
        ],
        0.02700930747534933
      ]
    ]
  },
  "8": {
    "parents": [
      1
    ],
    "prob": [
      [
        [
          0
        ],
        0.001232269701480534
      ],
      [
        [
          1
        ],
        0.2226794331851659
      ]
    ]
  },
  "9": {
    "parents": [
      8
    ],
    "prob": [
      [
        [
          0
        ],
        0.1933224657751896
      ],
      [
        [
          1
        ],
        0.09452621622751764
      ]
    ]
  },
  "10": {
    "parents": [
      2
    ],
    "prob": [
      [
        [
          0
        ],
        0.6268921288534335
      ],
      [
        [
          1
        ],
        0.11102164735195791
      ]
    ]
  },
  "11": {
    "parents": [
      9
    ],
    "prob": [
      [
        [
          0
        ],
        0.12851823846160199
      ],
      [
        [
          1
        ],
        0.01990079782919429
      ]
    ]
  },
  "12": {
    "parents": [
      7
    ],
    "prob": [
      [
        [
          0
        ],
        0.02008894581397108
      ],
      [
        [
          1
        ],
        0.31010513902782605
      ]
    ]
  },
  "13": {
    "parents": [
      7
    ],
    "prob": [
      [
        [
          0
        ],
        0.03840202576797994
      ],
      [
        [
          1
        ],
        0.3814481701799953
      ]
    ]
  },
  "14": {
    "parents": [
      8
    ],
    "prob": [
      [
        [
          0
        ],
        0.29435234438064306
      ],
      [
        [
          1
        ],
        0.0020906442565172254
      ]
    ]
  }
}