{
  "0": {
    "parents": [],
    "prob": [
      [
        [],
        0.21168562177106137
      ]
    ]
  },
  "1": {
    "parents": [
      0
    ],
    "prob": [
      [
        [
          0
        ],
        0.052250717397533654
      ],
      [
        [
          1
        ],
        0.8780267141044817
      ]
    ]
  },
  "2": {
    "parents": [
      0
    ],
    "prob": [
      [
        [
          0
        ],
        7.669594128374161e-05
      ],
      [
        [
          1
        ],
        0.0013903671555065436
      ]
    ]
  },
  "3": {
    "parents": [
      2
    ],
    "prob": [
      [
        [
          0
        ],
        0.00926477789215704
      ],
      [
        [
          1
        ],
        0.5301549451585083
      ]
    ]
  },
  "4": {
    "parents": [
      3
    ],
    "prob": [
      [
        [
          0
        ],
        0.04769385260587104
      ],
      [
        [
          1
        ],
        0.21055377591382976
      ]
    ]
  },
  "5": {
    "parents": [
      4
    ],
    "prob": [
      [
        [
          0
        ],
        0.013290671651279552
      ],
      [
        [
          1
        ],
        0.6372645505016032
      ]
    ]
  },
  "6": {
    "parents": [
      5
    ],
    "prob": [
      [
        [
          0
        ],
        0.1057233751254832
      ],
      [
        [
          1
        ],
        0.9697253013336689
      ]
    ]
  },
  "7": {
    "parents": [
      3
    ],
    "prob": [
      [
        [
          0
        ],
        0.08645324667040699
      ],
      [
        [
          1
        ],
        0.24678714777759184
      ]
    ]
  },
  "8": {
    "parents": [
      4
    ],
    "prob": [
      [
        [
          0
        ],
        0.053451989886987204
      ],
      [
        [
          1
        ],
        0.2544036971598358
      ]
    ]
  },
  "9": {
    "parents": [
      3
    ],
    "prob": [
      [
        [
          0
        ],
        0.4548691876221187
      ],
      [
        [
          1
        ],
        0.010733909611458453
      ]
    ]
  },
  "10": {
    "parents": [
      5
    ],
    "prob": [
      [
        [
          0
        ],
        0.23483860316512417
      ],
      [
        [
          1
        ],
        0.00430780516737135
      ]
    ]
  },
  "11": {
    "parents": [
      6
    ],
    "prob": [
      [
        [
          0
        ],
        0.4870662382240407
      ],
      [
        [
          1
        ],
        0.08615481603099855
      ]
    ]
  },
  "12": {
    "parents": [
      1
    ],
    "prob": [
      [
        [
          0
        ],
        0.07023046854577672
      ],
      [
        [
          1
        ],
        0.2184126911829058
      ]
    ]
  },
  "13": {
    "parents": [
      10
    ],
    "prob": [
      [
        [
          0
        ],
        0.40149533230394513
      ],
      [
        [
          1
        ],
        0.04879697894983057
      ]
    ]
  },
  "14": {
    "parents": [
      0
    ],
    "prob": [
      [
        [
          0
        ],
        0.14742218349302577
      ],
      [
        [
          1
        ],
        0.8735125072566623
      ]
    ]
  },
  "15": {
    "parents": [
      9
    ],
    "prob": [
      [
        [
          0
        ],
        0.03509165839037399
      ],
      [
        [
          1
        ],
        0.530426337427417
      ]
    ]
  },
  "16": {
    "parents": [
      6
    ],
    "prob": [
      [
        [
          0
        ],
        0.000302979858681437
      ],
      [
        [
          1
        ],
        0.7009222451665981
      ]
    ]
  },
  "17": {
    "parents": [
      11
    ],
    "prob": [
      [
        [
          0
        ],
        0.15753289604968929
      ],
      [
        [
          1
        ],
        0.06175477766449545
      ]
    ]
  },
  "18": {
    "parents": [
      13
    ],
    "prob": [
      [
        [
          0
        ],
        0.6149688076919311
      ],
      [
        [
          1
        ],
        0.17338902485032628
      ]
    ]
  },
  "19": {
    "parents": [
      4
    ],
    "prob": [
      [
        [
          0
        ],
        0.05170699626622972
      ],
      [
        [
          1
        ],
        0.03346978404909669
      ]
    ]
  },
  "20": {
    "parents": [
      14
    ],
    "prob": [
      [
        [
          0
        ],
        0.5731226856054894
      ],
      [
        [
          1
        ],
        0.5212989596702279
      ]
    ]
  },
  "21": {
    "parents": [
      6
    ],
    "prob": [
      [
        [
          0
        ],
        0.02092606484324909
      ],
      [
        [
          1
        ],
        0.060454646037469306
      ]
    ]
  },
  "22": {
    "parents": [
      16
    ],
    "prob": [
      [
        [
          0
        ],
        0.026291566262975363
      ],
      [
        [
          1
        ],
        0.24223876127860605
      ]
    ]
  },
  "23": {
    "parents": [
      19
    ],
    "prob": [
      [
        [
          0
        ],
        0.018822413435633685
      ],
      [
        [
          1
        ],
        0.0902889609608313
      ]
    ]
  },
  "24": {
    "parents": [
      15
    ],
    "prob": [
      [
        [
          0
        ],
        0.10454111767276597
      ],
      [
        [
          1
        ],
        0.75813212816263
      ]
    ]
  },
  "25": {
    "parents": [
      4
    ],
    "prob": [
      [
        [
          0
        ],
        0.14280305617168917
      ],
      [
        [
          1
        ],
        0.010623075475220956
      ]
    ]
  },
  "26": {
    "parents": [
      16
    ],
    "prob": [
      [
        [
          0
        ],
        0.00801581433504068
      ],
      [
        [
          1
        ],
        0.475996925434247
      ]
    ]
  },
  "27": {
    "parents": [
      24
    ],
    "prob": [
      [
        [
          0
        ],
        0.10888418719717613
      ],
      [
        [
          1
        ],
        0.48236600428192306
      ]
    ]
  },
  "28": {
    "parents": [
      17
    ],
    "prob": [
      [
        [
          0
        ],
        0.6887046205770283
      ],
      [
        [
          1
        ],
        0.17915688451379355
      ]
    ]
  },
  "29": {
    "parents": [
      13
    ],
    "prob": [
      [
        [
          0
        ],
        0.4196913314121026
      ],
      [
        [
          1
        ],
        0.053760616347068274
      ]
    ]
  },
  "30": {
    "parents": [
      3
    ],
    "prob": [
      [
        [
          0
        ],
        0.4033508283095754
      ],
      [
        [
          1
        ],
        0.3580762352073646
      ]
    ]
  },
  "31": {
    "parents": [
      11
    ],
    "prob": [
      [
        [
          0
        ],
        0.3426916132971792
      ],
      [
        [
          1
        ],
        0.9626564383307827
      ]
    ]
  },
  "32": {
    "parents": [
      10
    ],
    "prob": [
      [
        [
          0
        ],
        0.8790999870181797
      ],
      [
        [
          1
        ],
        0.3925055121947131
      ]
    ]
  },
  "33": {
    "parents": [
      1
    ],
    "prob": [
      [
        [
          0
        ],
        0.9489918328711752
      ],
      [
        [
          1
        ],
        0.16299341072320317
      ]
    ]
  },
  "34": {
    "parents": [
      13
    ],
    "prob": [
      [
        [
          0
        ],
        0.7434626153326265
      ],
      [
        [
          1
        ],
        0.22669658824746355
      ]
    ]
  }
}