{
  "0": {
    "parents": [
      3,
      5,
      9
    ],
    "prob": [
      [
        [
          0,
          0,
          0
        ],
        0.29814017068169923
      ],
      [
        [
          0,
          0,
          1
        ],
        0.8218493379968352
      ],
      [
        [
          0,
          1,
          0
        ],
        0.07477053067856
      ],
      [
        [
          0,
          1,
          1
        ],
        0.749190731881002
      ],
      [
        [
          1,
          0,
          0
        ],
        0.7895137634382977
      ],
      [
        [
          1,
          0,
          1
        ],
        0.6307176631947244
      ],
      [
        [
          1,
          1,
          0
        ],
        0.1621920428149465
      ],
      [
        [
          1,
          1,
          1
        ],
        0.38377700545701693
      ]
    ]
  },
  "1": {
    "parents": [
      5,
      6,
      9
    ],
    "prob": [
      [
        [
          0,
          0,
          0
        ],
        0.1537414614646915
      ],
      [
        [
          0,
          0,
          1
        ],
        0.9994461228764338
      ],
      [
        [
          0,
          1,
          0
        ],
        0.967062923856541
      ],
      [
        [
          0,
          1,
          1
        ],
        0.7903121503799995
      ],
      [
        [
          1,
          0,
          0
        ],
        0.6154038971668084
      ],
      [
        [
          1,
          0,
          1
        ],
        0.4852964954758696
      ],
      [
        [
          1,
          1,
          0
        ],
        0.2381087766509237
      ],
      [
        [
          1,
          1,
          1
        ],
        0.7385830312021562
      ]
    ]
  },
  "2": {
    "parents": [
      3,
      4,
      5,
      8
    ],
    "prob": [
      [
        [
          0,
          0,
          0,
          0
        ],
        0.9115516741428191
      ],
      [
        [
          0,
          0,
          0,
          1
        ],
        0.9500937077161854
      ],
      [
        [
          0,
          0,
          1,
          0
        ],
        0.9677495917326191
      ],
      [
        [
          0,
          0,
          1,
          1
        ],
        0.5621169017219955
      ],
      [
        [
          0,
          1,
          0,
          0
        ],
        0.4135051623344497
      ],
      [
        [
          0,
          1,
          0,
          1
        ],
        0.7643697236231765
      ],
      [
        [
          0,
          1,
          1,
          0
        ],
        0.7469144449975627
      ],
      [
        [
          0,
          1,
          1,
          1
        ],
        0.8508408965123536
      ],
      [
        [
          1,
          0,
          0,
          0
        ],
        0.985421617406669
      ],
      [
        [
          1,
          0,
          0,
          1
        ],
        0.7002229271142045
      ],
      [
        [
          1,
          0,
          1,
          0
        ],
        0.06269155375252501
      ],
      [
        [
          1,
          0,
          1,
          1
        ],
        0.5854391383399914
      ],
      [
        [
          1,
          1,
          0,
          0
        ],
        0.7888307401436078
      ],
      [
        [
          1,
          1,
          0,
          1
        ],
        0.6475053455262926
      ],
      [
        [
          1,
          1,
          1,
          0
        ],
        0.6251873858696722
      ],
      [
        [
          1,
          1,
          1,
          1
        ],
        0.6318276608205303
      ]
    ]
  },
  "3": {
    "parents": [
      4,
      5
    ],
    "prob": [
      [
        [
          0,
          0
        ],
        0.9129183329351256
      ],
      [
        [
          0,
          1
        ],
        0.7510682389796736
      ],
      [
        [
          1,
          0
        ],
        0.034422043045077955
      ],
      [
        [
          1,
          1
        ],
        0.46721547617092185
      ]
    ]
  },
  "4": {
    "parents": [
      5,
      9
    ],
    "prob": [
      [
        [
          0,
          0
        ],
        0.5363874603848197
      ],
      [
        [
          0,
          1
        ],
        0.5874902086180112
      ],
      [
        [
          1,
          0
        ],
        0.35007698820273264
      ],
      [
        [
          1,
          1
        ],
        0.36111691999226425
      ]
    ]
  },
  "5": {
    "parents": [
      6
    ],
    "prob": [
      [
        [
          0
        ],
        0.8593359906996251
      ],
      [
        [
          1
        ],
        0.7346551899156964
      ]
    ]
  },
  "6": {
    "parents": [],
    "prob": [
      [
        [],
        0.006804362593083801
      ]
    ]
  },
  "7": {
    "parents": [
      8
    ],
    "prob": [
      [
        [
          0
        ],
        0.16517395184321904
      ],
      [
        [
          1
        ],
        0.9038991454818863
      ]
    ]
  },
  "8": {
    "parents": [],
    "prob": [
      [
        [],
        0.997849868061647
      ]
    ]
  },
  "9": {
    "parents": [],
    "prob": [
      [
        [],
        0.20431452891711088
      ]
    ]
  }
}