{
  "0": {
    "parents": [
      1,
      3,
      4
    ],
    "prob": [
      [
        [
          0,
          0,
          0
        ],
        0.688364377808597
      ],
      [
        [
          0,
          0,
          1
        ],
        0.7426104310734385
      ],
      [
        [
          0,
          1,
          0
        ],
        0.26660799627635384
      ],
      [
        [
          0,
          1,
          1
        ],
        0.8951641494424705
      ],
      [
        [
          1,
          0,
          0
        ],
        0.765201430249425
      ],
      [
        [
          1,
          0,
          1
        ],
        0.9794227414398635
      ],
      [
        [
          1,
          1,
          0
        ],
        0.05725948040062643
      ],
      [
        [
          1,
          1,
          1
        ],
        0.23517934661695666
      ]
    ]
  },
  "1": {
    "parents": [
      2,
      4
    ],
    "prob": [
      [
        [
          0,
          0
        ],
        0.130712366340339
      ],
      [
        [
          0,
          1
        ],
        0.022530050744003015
      ],
      [
        [
          1,
          0
        ],
        0.1734809662432501
      ],
      [
        [
          1,
          1
        ],
        0.870544121758754
      ]
    ]
  },
  "2": {
    "parents": [
      3
    ],
    "prob": [
      [
        [
          0
        ],
        0.608532060509891
      ],
      [
        [
          1
        ],
        0.6717506928914392
      ]
    ]
  },
  "3": {
    "parents": [],
    "prob": [
      [
        [],
        0.07413841525130699
      ]
    ]
  },
  "4": {
    "parents": [],
    "prob": [
      [
        [],
        0.6049644957435637
      ]
    ]
  }
}