{
  "0": {
    "parents": [],
    "prob": [
      [
        [],
        0.24440677582496706
      ]
    ]
  },
  "1": {
    "parents": [
      0
    ],
    "prob": [
      [
        [
          0
        ],
        0.31800706647825056
      ],
      [
        [
          1
        ],
        0.2620341028692363
      ]
    ]
  },
  "2": {
    "parents": [
      1
    ],
    "prob": [
      [
        [
          0
        ],
        0.0268633205064599
      ],
      [
        [
          1
        ],
        0.26571351258654463
      ]
    ]
  },
  "3": {
    "parents": [
      0
    ],
    "prob": [
      [
        [
          0
        ],
        0.28374197365535053
      ],
      [
        [
          1
        ],
        0.3678043470474771
      ]
    ]
  },
  "4": {
    "parents": [
      2
    ],
    "prob": [
      [
        [
          0
        ],
        0.8838344780305287
      ],
      [
        [
          1
        ],
        0.37471404615046705
      ]
    ]
  }
}