{
  "0": {
    "parents": [],
    "prob": [
      [
        [],
        0.4290696343801087
      ]
    ]
  },
  "1": {
    "parents": [
      0
    ],
    "prob": [
      [
        [
          0
        ],
        0.013930306101723855
      ],
      [
        [
          1
        ],
        0.22581628057743228
      ]
    ]
  },
  "2": {
    "parents": [
      1
    ],
    "prob": [
      [
        [
          0
        ],
        0.3115742786740709
      ],
      [
        [
          1
        ],
        0.3750248771193759
      ]
    ]
  },
  "3": {
    "parents": [
      1
    ],
    "prob": [
      [
        [
          0
        ],
        0.6801203134794596
      ],
      [
        [
          1
        ],
        0.6735278277909771
      ]
    ]
  },
  "4": {
    "parents": [
      3
    ],
    "prob": [
      [
        [
          0
        ],
        0.10548623790943273
      ],
      [
        [
          1
        ],
        0.23206049163048711
      ]
    ]
  },
  "5": {
    "parents": [
      0
    ],
    "prob": [
      [
        [
          0
        ],
        0.7380705657183692
      ],
      [
        [
          1
        ],
        0.3832206689576744
      ]
    ]
  },
  "6": {
    "parents": [
      0
    ],
    "prob": [
      [
        [
          0
        ],
        0.7720348582367027
      ],
      [
        [
          1
        ],
        0.8901946207112227
      ]
    ]
  },
  "7": {
    "parents": [
      3
    ],
    "prob": [
      [
        [
          0
        ],
        0.7908074105250091
      ],
      [
        [
          1
        ],
        0.534677544610928
      ]
    ]
  },
  "8": {
    "parents": [
      5
    ],
    "prob": [
      [
        [
          0
        ],
        0.16767401465253345
      ],
      [
        [
          1
        ],
        0.8432459156363228
      ]
    ]
  },
  "9": {
    "parents": [
      8
    ],
    "prob": [
      [
        [
          0
        ],
        0.8152470274945878
      ],
      [
        [
          1
        ],
        0.5073858822217193
      ]
    ]
  },
  "10": {
    "parents": [
      1
    ],
    "prob": [
      [
        [
          0
        ],
        0.21066541899732477
      ],
      [
        [
          1
        ],
        0.8377055705942322
      ]
    ]
  },
  "11": {
    "parents": [
      5
    ],
    "prob": [
      [
        [
          0
        ],
        0.9708044572311462
      ],
      [
        [
          1
        ],
        0.8455510674520096
      ]
    ]
  },
  "12": {
    "parents": [
      6
    ],
    "prob": [
      [
        [
          0
        ],
        0.32779564202063927
      ],
      [
        [
          1
        ],
        0.3463186470323587
      ]
    ]
  },
  "13": {
    "parents": [
      7
    ],
    "prob": [
      [
        [
          0
        ],
        0.4817713695083123
      ],
      [
        [
          1
        ],
        0.06495691468067108
      ]
    ]
  },
  "14": {
    "parents": [
      10
    ],
    "prob": [
      [
        [
          0
        ],
        0.34069150009489296
      ],
      [
        [
          1
        ],
        0.269799687551906
      ]
    ]
  },
  "15": {
    "parents": [
      13
    ],
    "prob": [
      [
        [
          0
        ],
        0.557235427449008
      ],
      [
        [
          1
        ],
        0.14306643775942582
      ]
    ]
  },
  "16": {
    "parents": [
      5
    ],
    "prob": [
      [
        [
          0
        ],
        0.36107827559406913
      ],
      [
        [
          1
        ],
        0.4977372859238208
      ]
    ]
  },
  "17": {
    "parents": [
      7
    ],
    "prob": [
      [
        [
          0
        ],
        0.35000657982595135
      ],
      [
        [
          1
        ],
        0.2369376852861184
      ]
    ]
  },
  "18": {
    "parents": [
      6
    ],
    "prob": [
      [
        [
          0
        ],
        0.34156169765736283
      ],
      [
        [
          1
        ],
        0.8369372175821829
      ]
    ]
  },
  "19": {
    "parents": [
      2
    ],
    "prob": [
      [
        [
          0
        ],
        0.6967295693637442
      ],
      [
        [
          1
        ],
        0.20502568052565487
      ]
    ]
  },
  "20": {
    "parents": [
      6
    ],
    "prob": [
      [
        [
          0
        ],
        0.6757336939765316
      ],
      [
        [
          1
        ],
        0.9739186932974554
      ]
    ]
  },
  "21": {
    "parents": [
      5
    ],
    "prob": [
      [
        [
          0
        ],
        0.2836054516873808
      ],
      [
        [
          1
        ],
        0.8767286611988061
      ]
    ]
  },
  "22": {
    "parents": [
      19
    ],
    "prob": [
      [
        [
          0
        ],
        0.3959251594672661
      ],
      [
        [
          1
        ],
        0.13729567677429527
      ]
    ]
  },
  "23": {
    "parents": [
      18
    ],
    "prob": [
      [
        [
          0
        ],
        0.1487226519650754
      ],
      [
        [
          1
        ],
        0.6434376987857494
      ]
    ]
  },
  "24": {
    "parents": [
      21
    ],
    "prob": [
      [
        [
          0
        ],
        0.029059374566645674
      ],
      [
        [
          1
        ],
        0.21427848980308212
      ]
    ]
  },
  "25": {
    "parents": [
      7
    ],
    "prob": [
      [
        [
          0
        ],
        0.3087220663535222
      ],
      [
        [
          1
        ],
        0.8981281754783559
      ]
    ]
  },
  "26": {
    "parents": [
      20
    ],
    "prob": [
      [
        [
          0
        ],
        0.5930113650950448
      ],
      [
        [
          1
        ],
        0.5531951137175035
      ]
    ]
  },
  "27": {
    "parents": [
      1
    ],
    "prob": [
      [
        [
          0
        ],
        0.8680072965095812
      ],
      [
        [
          1
        ],
        0.17463437719656044
      ]
    ]
  },
  "28": {
    "parents": [
      23
    ],
    "prob": [
      [
        [
          0
        ],
        0.5200854512211632
      ],
      [
        [
          1
        ],
        0.40112015978543036
      ]
    ]
  },
  "29": {
    "parents": [
      22
    ],
    "prob": [
      [
        [
          0
        ],
        0.3594748671547184
      ],
      [
        [
          1
        ],
        0.5637380520292774
      ]
    ]
  },
  "30": {
    "parents": [
      26
    ],
    "prob": [
      [
        [
          0
        ],
        0.9382652807913698
      ],
      [
        [
          1
        ],
        0.9494977011931728
      ]
    ]
  },
  "31": {
    "parents": [
      7
    ],
    "prob": [
      [
        [
          0
        ],
        0.8226592651015663
      ],
      [
        [
          1
        ],
        0.17519735183026935
      ]
    ]
  },
  "32": {
    "parents": [
      19
    ],
    "prob": [
      [
        [
          0
        ],
        0.7697021288451686
      ],
      [
        [
          1
        ],
        0.2699895141563824
      ]
    ]
  },
  "33": {
    "parents": [
      20
    ],
    "prob": [
      [
        [
          0
        ],
        0.20882653762438566
      ],
      [
        [
          1
        ],
        0.1559995400922449
      ]
    ]
  },
  "34": {
    "parents": [
      12
    ],
    "prob": [
      [
        [
          0
        ],
        0.5777866155672142
      ],
      [
        [
          1
        ],
        0.9926161795771283
      ]
    ]
  }
}