{
  "0": {
    "parents": [],
    "prob": [
      [
        [],
        0.1351118462529027
      ]
    ]
  },
  "1": {
    "parents": [
      0
    ],
    "prob": [
      [
        [
          0
        ],
        0.9823708932537765
      ],
      [
        [
          1
        ],
        0.718025323073845
      ]
    ]
  },
  "2": {
    "parents": [
      0
    ],
    "prob": [
      [
        [
          0
        ],
        0.3038923080869934
      ],
      [
        [
          1
        ],
        0.8393822255951676
      ]
    ]
  },
  "3": {
    "parents": [
      1
    ],
    "prob": [
      [
        [
          0
        ],
        0.2093655151039324
      ],
      [
        [
          1
        ],
        0.5985140994264999
      ]
    ]
  },
  "4": {
    "parents": [
      0
    ],
    "prob": [
      [
        [
          0
        ],
        0.5361437961063087
      ],
      [
        [
          1
        ],
        0.1871101500572854
      ]
    ]
  },
  "5": {
    "parents": [
      2
    ],
    "prob": [
      [
        [
          0
        ],
        0.9699755761332667
      ],
      [
        [
          1
        ],
        0.26876589729703126
      ]
    ]
  },
  "6": {
    "parents": [
      0
    ],
    "prob": [
      [
        [
          0
        ],
        0.34862341008173303
      ],
      [
        [
          1
        ],
        0.02042813077234602
      ]
    ]
  },
  "7": {
    "parents": [
      1
    ],
    "prob": [
      [
        [
          0
        ],
        0.37677638372458677
      ],
      [
        [
          1
        ],
        0.10379693255878265
      ]
    ]
  },
  "8": {
    "parents": [
      4
    ],
    "prob": [
      [
        [
          0
        ],
        0.8840832730763384
      ],
      [
        [
          1
        ],
        0.09793064669985974
      ]
    ]
  },
  "9": {
    "parents": [
      0
    ],
    "prob": [
      [
        [
          0
        ],
        0.8251121839247143
      ],
      [
        [
          1
        ],
        0.9775606582294497
      ]
    ]
  },
  "10": {
    "parents": [
      3
    ],
    "prob": [
      [
        [
          0
        ],
        0.7462137208549969
      ],
      [
        [
          1
        ],
        0.5839854692210011
      ]
    ]
  },
  "11": {
    "parents": [
      4
    ],
    "prob": [
      [
        [
          0
        ],
        0.7931268073065862
      ],
      [
        [
          1
        ],
        0.1391666289474599
      ]
    ]
  },
  "12": {
    "parents": [
      11
    ],
    "prob": [
      [
        [
          0
        ],
        0.30681988096899293
      ],
      [
        [
          1
        ],
        0.5322947129334692
      ]
    ]
  },
  "13": {
    "parents": [
      5
    ],
    "prob": [
      [
        [
          0
        ],
        0.6285892441456822
      ],
      [
        [
          1
        ],
        0.12981233784807092
      ]
    ]
  },
  "14": {
    "parents": [
      7
    ],
    "prob": [
      [
        [
          0
        ],
        0.3005450800304591
      ],
      [
        [
          1
        ],
        0.027597974174361314
      ]
    ]
  }
}