{
  "0": {
    "parents": [
      2,
      3,
      4
    ],
    "prob": [
      [
        [
          0,
          0,
          0
        ],
        0.7963894371978346
      ],
      [
        [
          0,
          0,
          1
        ],
        4.839231964924926e-07
      ],
      [
        [
          0,
          1,
          0
        ],
        0.006264755485775612
      ],
      [
        [
          0,
          1,
          1
        ],
        0.0002795065114661588
      ],
      [
        [
          1,
          0,
          0
        ],
        0.00016554612122080735
      ],
      [
        [
          1,
          0,
          1
        ],
        0.00952706694288394
      ],
      [
        [
          1,
          1,
          0
        ],
        0.0067307575595816896
      ],
      [
        [
          1,
          1,
          1
        ],
        3.9777593289612095e-05
      ]
    ]
  },
  "1": {
    "parents": [
      3,
      4
    ],
    "prob": [
      [
        [
          0,
          0
        ],
        3.978442691156594e-06
      ],
      [
        [
          0,
          1
        ],
        0.0414236799071965
      ],
      [
        [
          1,
          0
        ],
        3.26793308706177e-05
      ],
      [
        [
          1,
          1
        ],
        0.0005781302892923011
      ]
    ]
  },
  "2": {
    "parents": [],
    "prob": [
      [
        [],
        0.8709709269969061
      ]
    ]
  },
  "3": {
    "parents": [],
    "prob": [
      [
        [],
        3.940508857325385e-08
      ]
    ]
  },
  "4": {
    "parents": [],
    "prob": [
      [
        [],
        0.03184523291408778
      ]
    ]
  }
}