{
  "0": {
    "parents": [],
    "prob": [
      [
        [],
        0.0008474787057829668
      ]
    ]
  },
  "1": {
    "parents": [
      0
    ],
    "prob": [
      [
        [
          0
        ],
        0.01886207661080543
      ],
      [
        [
          1
        ],
        0.0013618171728105484
      ]
    ]
  },
  "2": {
    "parents": [
      1
    ],
    "prob": [
      [
        [
          0
        ],
        0.26195696870339014
      ],
      [
        [
          1
        ],
        1.433277774398177e-07
      ]
    ]
  },
  "3": {
    "parents": [
      2
    ],
    "prob": [
      [
        [
          0
        ],
        0.0014082799405535779
      ],
      [
        [
          1
        ],
        2.6024161756081283e-07
      ]
    ]
  },
  "4": {
    "parents": [
      3
    ],
    "prob": [
      [
        [
          0
        ],
        0.002217571460698642
      ],
      [
        [
          1
        ],
        4.4868711343941235e-05
      ]
    ]
  },
  "5": {
    "parents": [
      1
    ],
    "prob": [
      [
        [
          0
        ],
        2.3557695463477702e-05
      ],
      [
        [
          1
        ],
        9.723756665134546e-11
      ]
    ]
  },
  "6": {
    "parents": [
      2
    ],
    "prob": [
      [
        [
          0
        ],
        1.4648466890684837e-05
      ],
      [
        [
          1
        ],
        2.9624539916164525e-06
      ]
    ]
  },
  "7": {
    "parents": [
      0
    ],
    "prob": [
      [
        [
          0
        ],
        1.846557509978355e-06
      ],
      [
        [
          1
        ],
        0.0009820441629085099
      ]
    ]
  },
  "8": {
    "parents": [
      3
    ],
    "prob": [
      [
        [
          0
        ],
        0.0016888846858592074
      ],
      [
        [
          1
        ],
        1.0538864746679696e-19
      ]
    ]
  },
  "9": {
    "parents": [
      1
    ],
    "prob": [
      [
        [
          0
        ],
        0.002187682059888951
      ],
      [
        [
          1
        ],
        0.05249951138039424
      ]
    ]
  },
  "10": {
    "parents": [
      2
    ],
    "prob": [
      [
        [
          0
        ],
        0.4131799913310235
      ],
      [
        [
          1
        ],
        0.3578696603406647
      ]
    ]
  },
  "11": {
    "parents": [
      2
    ],
    "prob": [
      [
        [
          0
        ],
        0.002106774722500783
      ],
      [
        [
          1
        ],
        7.736682870377234e-06
      ]
    ]
  },
  "12": {
    "parents": [
      2
    ],
    "prob": [
      [
        [
          0
        ],
        3.855656395939924e-07
      ],
      [
        [
          1
        ],
        0.18680707948171188
      ]
    ]
  },
  "13": {
    "parents": [
      10
    ],
    "prob": [
      [
        [
          0
        ],
        0.009792998896296543
      ],
      [
        [
          1
        ],
        0.031314915232736544
      ]
    ]
  },
  "14": {
    "parents": [
      3
    ],
    "prob": [
      [
        [
          0
        ],
        0.1356499413955694
      ],
      [
        [
          1
        ],
        0.22720777437460915
      ]
    ]
  }
}