{
  "0": {
    "parents": [],
    "prob": [
      [
        [],
        6.230030526151294e-05
      ]
    ]
  },
  "1": {
    "parents": [
      0
    ],
    "prob": [
      [
        [
          0
        ],
        7.970306114225301e-10
      ],
      [
        [
          1
        ],
        0.07210396618272895
      ]
    ]
  },
  "2": {
    "parents": [
      1
    ],
    "prob": [
      [
        [
          0
        ],
        6.410349982936928e-07
      ],
      [
        [
          1
        ],
        0.05948366904016661
      ]
    ]
  },
  "3": {
    "parents": [
      2
    ],
    "prob": [
      [
        [
          0
        ],
        0.11767382905133142
      ],
      [
        [
          1
        ],
        1.8461307698469838e-05
      ]
    ]
  },
  "4": {
    "parents": [
      0
    ],
    "prob": [
      [
        [
          0
        ],
        1.7709805196356974e-06
      ],
      [
        [
          1
        ],
        0.02932763224442821
      ]
    ]
  },
  "5": {
    "parents": [
      0
    ],
    "prob": [
      [
        [
          0
        ],
        0.40239103747615024
      ],
      [
        [
          1
        ],
        2.3578875047048484e-08
      ]
    ]
  },
  "6": {
    "parents": [
      2
    ],
    "prob": [
      [
        [
          0
        ],
        0.2286843009587343
      ],
      [
        [
          1
        ],
        6.974188251194743e-05
      ]
    ]
  },
  "7": {
    "parents": [
      0
    ],
    "prob": [
      [
        [
          0
        ],
        1.5406258555958215e-07
      ],
      [
        [
          1
        ],
        1.075268500808804e-17
      ]
    ]
  },
  "8": {
    "parents": [
      2
    ],
    "prob": [
      [
        [
          0
        ],
        0.009423158340800045
      ],
      [
        [
          1
        ],
        0.01033018373669997
      ]
    ]
  },
  "9": {
    "parents": [
      1
    ],
    "prob": [
      [
        [
          0
        ],
        1.0226307456455244e-05
      ],
      [
        [
          1
        ],
        1.0543416595700638e-05
      ]
    ]
  },
  "10": {
    "parents": [
      4
    ],
    "prob": [
      [
        [
          0
        ],
        0.00012237165383351416
      ],
      [
        [
          1
        ],
        0.1578107051688624
      ]
    ]
  },
  "11": {
    "parents": [
      6
    ],
    "prob": [
      [
        [
          0
        ],
        6.805944279228797e-08
      ],
      [
        [
          1
        ],
        9.648294945460944e-08
      ]
    ]
  },
  "12": {
    "parents": [
      6
    ],
    "prob": [
      [
        [
          0
        ],
        0.0006538863728720184
      ],
      [
        [
          1
        ],
        0.020212293622896553
      ]
    ]
  },
  "13": {
    "parents": [
      11
    ],
    "prob": [
      [
        [
          0
        ],
        0.40094643450373685
      ],
      [
        [
          1
        ],
        0.25843936310214644
      ]
    ]
  },
  "14": {
    "parents": [
      3
    ],
    "prob": [
      [
        [
          0
        ],
        1.5651904665718842e-05
      ],
      [
        [
          1
        ],
        2.0808519806570072e-19
      ]
    ]
  },
  "15": {
    "parents": [
      8
    ],
    "prob": [
      [
        [
          0
        ],
        0.04658471983180791
      ],
      [
        [
          1
        ],
        0.05577514507848236
      ]
    ]
  },
  "16": {
    "parents": [
      9
    ],
    "prob": [
      [
        [
          0
        ],
        4.222663595199981e-06
      ],
      [
        [
          1
        ],
        0.2874647232498926
      ]
    ]
  },
  "17": {
    "parents": [
      11
    ],
    "prob": [
      [
        [
          0
        ],
        0.0005094757918600538
      ],
      [
        [
          1
        ],
        0.001096536301392428
      ]
    ]
  },
  "18": {
    "parents": [
      3
    ],
    "prob": [
      [
        [
          0
        ],
        0.003240583434811916
      ],
      [
        [
          1
        ],
        1.4265854338931216e-05
      ]
    ]
  },
  "19": {
    "parents": [
      5
    ],
    "prob": [
      [
        [
          0
        ],
        0.0984644461291599
      ],
      [
        [
          1
        ],
        0.8907424029680343
      ]
    ]
  },
  "20": {
    "parents": [
      6
    ],
    "prob": [
      [
        [
          0
        ],
        2.7412475662452795e-13
      ],
      [
        [
          1
        ],
        0.001756899274444762
      ]
    ]
  },
  "21": {
    "parents": [
      4
    ],
    "prob": [
      [
        [
          0
        ],
        0.7101066855033634
      ],
      [
        [
          1
        ],
        0.000147207651108304
      ]
    ]
  },
  "22": {
    "parents": [
      18
    ],
    "prob": [
      [
        [
          0
        ],
        1.6013201081291922e-10
      ],
      [
        [
          1
        ],
        0.0005117514797435371
      ]
    ]
  },
  "23": {
    "parents": [
      0
    ],
    "prob": [
      [
        [
          0
        ],
        0.5461568310546037
      ],
      [
        [
          1
        ],
        0.2237491844073282
      ]
    ]
  },
  "24": {
    "parents": [
      6
    ],
    "prob": [
      [
        [
          0
        ],
        0.6775199670537734
      ],
      [
        [
          1
        ],
        0.0008451301758649866
      ]
    ]
  }
}