{
  "0": {
    "parents": [
      2,
      4
    ],
    "prob": [
      [
        [
          0,
          0
        ],
        0.4207745306014983
      ],
      [
        [
          0,
          1
        ],
        0.65321063132242
      ],
      [
        [
          1,
          0
        ],
        0.9078673010758187
      ],
      [
        [
          1,
          1
        ],
        0.5288272126231636
      ]
    ]
  },
  "1": {
    "parents": [
      2,
      3,
      4
    ],
    "prob": [
      [
        [
          0,
          0,
          0
        ],
        0.6961824218339158
      ],
      [
        [
          0,
          0,
          1
        ],
        0.40908715422311914
      ],
      [
        [
          0,
          1,
          0
        ],
        0.7109490708825806
      ],
      [
        [
          0,
          1,
          1
        ],
        0.7598638040255651
      ],
      [
        [
          1,
          0,
          0
        ],
        0.9179655928658139
      ],
      [
        [
          1,
          0,
          1
        ],
        0.4547702826853674
      ],
      [
        [
          1,
          1,
          0
        ],
        0.311361204918835
      ],
      [
        [
          1,
          1,
          1
        ],
        0.10252971316770011
      ]
    ]
  },
  "2": {
    "parents": [
      4
    ],
    "prob": [
      [
        [
          0
        ],
        0.34926105384220435
      ],
      [
        [
          1
        ],
        0.5167472798455749
      ]
    ]
  },
  "3": {
    "parents": [],
    "prob": [
      [
        [],
        0.8019414249856807
      ]
    ]
  },
  "4": {
    "parents": [],
    "prob": [
      [
        [],
        0.4812432041357439
      ]
    ]
  }
}