{
  "0": {
    "parents": [],
    "prob": [
      [
        [],
        0.1908046008027939
      ]
    ]
  },
  "1": {
    "parents": [
      0
    ],
    "prob": [
      [
        [
          0
        ],
        0.4567544612579425
      ],
      [
        [
          1
        ],
        0.9194493951092216
      ]
    ]
  },
  "2": {
    "parents": [
      0
    ],
    "prob": [
      [
        [
          0
        ],
        0.8484490525133729
      ],
      [
        [
          1
        ],
        0.1955292649601014
      ]
    ]
  },
  "3": {
    "parents": [
      2
    ],
    "prob": [
      [
        [
          0
        ],
        0.7762953317527264
      ],
      [
        [
          1
        ],
        0.23957643083419938
      ]
    ]
  },
  "4": {
    "parents": [
      2
    ],
    "prob": [
      [
        [
          0
        ],
        0.22054088105689906
      ],
      [
        [
          1
        ],
        0.9368255060748459
      ]
    ]
  },
  "5": {
    "parents": [],
    "prob": [
      [
        [],
        0.3331263173665031
      ]
    ]
  },
  "6": {
    "parents": [],
    "prob": [
      [
        [],
        0.27409104491382147
      ]
    ]
  },
  "7": {
    "parents": [
      0,
      5
    ],
    "prob": [
      [
        [
          0,
          0
        ],
        0.4971284593771323
      ],
      [
        [
          0,
          1
        ],
        0.1606510490491201
      ],
      [
        [
          1,
          0
        ],
        0.5411178202414867
      ],
      [
        [
          1,
          1
        ],
        0.09667707837354107
      ]
    ]
  },
  "8": {
    "parents": [
      4,
      6
    ],
    "prob": [
      [
        [
          0,
          0
        ],
        0.4998973700944137
      ],
      [
        [
          0,
          1
        ],
        0.9882924546888341
      ],
      [
        [
          1,
          0
        ],
        0.6778634988021913
      ],
      [
        [
          1,
          1
        ],
        0.03647491970651315
      ]
    ]
  },
  "9": {
    "parents": [],
    "prob": [
      [
        [],
        0.42620479432221764
      ]
    ]
  }
}