{
  "0": {
    "parents": [],
    "prob": [
      [
        [],
        0.17675655549320607
      ]
    ]
  },
  "1": {
    "parents": [],
    "prob": [
      [
        [],
        0.6708381447394376
      ]
    ]
  },
  "2": {
    "parents": [
      0
    ],
    "prob": [
      [
        [
          0
        ],
        0.15677375616474334
      ],
      [
        [
          1
        ],
        0.15299792585278332
      ]
    ]
  },
  "3": {
    "parents": [],
    "prob": [
      [
        [],
        0.503258211192862
      ]
    ]
  },
  "4": {
    "parents": [
      2
    ],
    "prob": [
      [
        [
          0
        ],
        0.2073764597188012
      ],
      [
        [
          1
        ],
        0.8853730793267713
      ]
    ]
  },
  "5": {
    "parents": [
      0,
      1
    ],
    "prob": [
      [
        [
          0,
          0
        ],
        0.8950344710281101
      ],
      [
        [
          0,
          1
        ],
        0.792530021759975
      ],
      [
        [
          1,
          0
        ],
        0.5938091038909754
      ],
      [
        [
          1,
          1
        ],
        0.8654556503468827
      ]
    ]
  },
  "6": {
    "parents": [],
    "prob": [
      [
        [],
        0.053336377200891495
      ]
    ]
  },
  "7": {
    "parents": [
      2
    ],
    "prob": [
      [
        [
          0
        ],
        0.3633221208719394
      ],
      [
        [
          1
        ],
        0.6647866126878437
      ]
    ]
  },
  "8": {
    "parents": [
      3,
      6
    ],
    "prob": [
      [
        [
          0,
          0
        ],
        0.35410780040728373
      ],
      [
        [
          0,
          1
        ],
        0.8308431143683558
      ],
      [
        [
          1,
          0
        ],
        0.47065659230059087
      ],
      [
        [
          1,
          1
        ],
        0.8478891438911605
      ]
    ]
  },
  "9": {
    "parents": [],
    "prob": [
      [
        [],
        0.21623285521321758
      ]
    ]
  },
  "10": {
    "parents": [
      9
    ],
    "prob": [
      [
        [
          0
        ],
        0.8600997594115884
      ],
      [
        [
          1
        ],
        0.14785747337089622
      ]
    ]
  },
  "11": {
    "parents": [],
    "prob": [
      [
        [],
        0.10399261129266761
      ]
    ]
  },
  "12": {
    "parents": [
      10
    ],
    "prob": [
      [
        [
          0
        ],
        0.42320890264365735
      ],
      [
        [
          1
        ],
        0.9896856629695302
      ]
    ]
  },
  "13": {
    "parents": [
      8,
      10,
      11
    ],
    "prob": [
      [
        [
          0,
          0,
          0
        ],
        0.7208481985780362
      ],
      [
        [
          0,
          0,
          1
        ],
        0.0537196597473548
      ],
      [
        [
          0,
          1,
          0
        ],
        0.3079001192378611
      ],
      [
        [
          0,
          1,
          1
        ],
        0.8664197974387507
      ],
      [
        [
          1,
          0,
          0
        ],
        0.7974222199498708
      ],
      [
        [
          1,
          0,
          1
        ],
        0.2625069357580025
      ],
      [
        [
          1,
          1,
          0
        ],
        0.781412254454987
      ],
      [
        [
          1,
          1,
          1
        ],
        0.1754207452256499
      ]
    ]
  },
  "14": {
    "parents": [],
    "prob": [
      [
        [],
        0.8103215896166864
      ]
    ]
  },
  "15": {
    "parents": [
      12,
      14
    ],
    "prob": [
      [
        [
          0,
          0
        ],
        0.9655957715377947
      ],
      [
        [
          0,
          1
        ],
        0.20681232203789846
      ],
      [
        [
          1,
          0
        ],
        0.20290172763589837
      ],
      [
        [
          1,
          1
        ],
        0.6747415289242806
      ]
    ]
  },
  "16": {
    "parents": [
      0,
      11
    ],
    "prob": [
      [
        [
          0,
          0
        ],
        0.4618553196422371
      ],
      [
        [
          0,
          1
        ],
        0.6321530564391883
      ],
      [
        [
          1,
          0
        ],
        0.8134066337992216
      ],
      [
        [
          1,
          1
        ],
        0.38555827222162137
      ]
    ]
  },
  "17": {
    "parents": [],
    "prob": [
      [
        [],
        0.27508839447275346
      ]
    ]
  },
  "18": {
    "parents": [
      8
    ],
    "prob": [
      [
        [
          0
        ],
        0.21705260013062172
      ],
      [
        [
          1
        ],
        0.0014273184346738923
      ]
    ]
  },
  "19": {
    "parents": [
      5
    ],
    "prob": [
      [
        [
          0
        ],
        0.06278064329368623
      ],
      [
        [
          1
        ],
        0.8742860137289689
      ]
    ]
  },
  "20": {
    "parents": [
      17,
      18
    ],
    "prob": [
      [
        [
          0,
          0
        ],
        0.5954649985619841
      ],
      [
        [
          0,
          1
        ],
        0.6201586953199212
      ],
      [
        [
          1,
          0
        ],
        0.607647624213682
      ],
      [
        [
          1,
          1
        ],
        0.8095577970817827
      ]
    ]
  },
  "21": {
    "parents": [
      0
    ],
    "prob": [
      [
        [
          0
        ],
        0.7006423518155038
      ],
      [
        [
          1
        ],
        0.9928908208402527
      ]
    ]
  },
  "22": {
    "parents": [
      17
    ],
    "prob": [
      [
        [
          0
        ],
        0.203171887061653
      ],
      [
        [
          1
        ],
        0.872205953488569
      ]
    ]
  },
  "23": {
    "parents": [],
    "prob": [
      [
        [],
        0.3747430766790648
      ]
    ]
  },
  "24": {
    "parents": [
      23
    ],
    "prob": [
      [
        [
          0
        ],
        0.10059990845791851
      ],
      [
        [
          1
        ],
        0.11543380872578023
      ]
    ]
  }
}