{
  "0": {
    "parents": [],
    "prob": [
      [
        [],
        0.2111168368509441
      ]
    ]
  },
  "1": {
    "parents": [
      0
    ],
    "prob": [
      [
        [
          0
        ],
        0.5969988409366606
      ],
      [
        [
          1
        ],
        0.7958722572893774
      ]
    ]
  },
  "2": {
    "parents": [
      0
    ],
    "prob": [
      [
        [
          0
        ],
        0.6603683009718019
      ],
      [
        [
          1
        ],
        0.17509400248630896
      ]
    ]
  },
  "3": {
    "parents": [],
    "prob": [
      [
        [],
        0.5508163909806116
      ]
    ]
  },
  "4": {
    "parents": [
      3
    ],
    "prob": [
      [
        [
          0
        ],
        0.44780915723015025
      ],
      [
        [
          1
        ],
        0.8680407082548679
      ]
    ]
  },
  "5": {
    "parents": [
      2,
      4
    ],
    "prob": [
      [
        [
          0,
          0
        ],
        0.0164042415099654
      ],
      [
        [
          0,
          1
        ],
        0.02384614940925766
      ],
      [
        [
          1,
          0
        ],
        0.6895877626798231
      ],
      [
        [
          1,
          1
        ],
        0.9464018914739764
      ]
    ]
  },
  "6": {
    "parents": [],
    "prob": [
      [
        [],
        0.6167713433240222
      ]
    ]
  },
  "7": {
    "parents": [
      3,
      6
    ],
    "prob": [
      [
        [
          0,
          0
        ],
        0.15948599688850307
      ],
      [
        [
          0,
          1
        ],
        0.2796696577724411
      ],
      [
        [
          1,
          0
        ],
        0.7537981763650141
      ],
      [
        [
          1,
          1
        ],
        0.6951681720794088
      ]
    ]
  },
  "8": {
    "parents": [],
    "prob": [
      [
        [],
        0.10785533116963543
      ]
    ]
  },
  "9": {
    "parents": [
      1
    ],
    "prob": [
      [
        [
          0
        ],
        0.9713572386147072
      ],
      [
        [
          1
        ],
        0.6810410381792593
      ]
    ]
  },
  "10": {
    "parents": [
      6
    ],
    "prob": [
      [
        [
          0
        ],
        0.41457506040728287
      ],
      [
        [
          1
        ],
        0.7452796944777599
      ]
    ]
  },
  "11": {
    "parents": [
      8
    ],
    "prob": [
      [
        [
          0
        ],
        0.00539561706251209
      ],
      [
        [
          1
        ],
        0.3849920782218647
      ]
    ]
  },
  "12": {
    "parents": [
      7
    ],
    "prob": [
      [
        [
          0
        ],
        0.543282550612549
      ],
      [
        [
          1
        ],
        0.9115515062387365
      ]
    ]
  },
  "13": {
    "parents": [
      3
    ],
    "prob": [
      [
        [
          0
        ],
        0.5865746736667752
      ],
      [
        [
          1
        ],
        0.19977579122229727
      ]
    ]
  },
  "14": {
    "parents": [],
    "prob": [
      [
        [],
        0.6785335090985062
      ]
    ]
  },
  "15": {
    "parents": [
      8
    ],
    "prob": [
      [
        [
          0
        ],
        0.4906773553499048
      ],
      [
        [
          1
        ],
        0.18715117630164538
      ]
    ]
  },
  "16": {
    "parents": [
      12,
      15
    ],
    "prob": [
      [
        [
          0,
          0
        ],
        0.9172052882039968
      ],
      [
        [
          0,
          1
        ],
        0.6761480470168868
      ],
      [
        [
          1,
          0
        ],
        0.49330261031400613
      ],
      [
        [
          1,
          1
        ],
        0.1829298491539147
      ]
    ]
  }
}