{
  "0": {
    "parents": [],
    "prob": [
      [
        [],
        0.7145208112654882
      ]
    ]
  },
  "1": {
    "parents": [
      0
    ],
    "prob": [
      [
        [
          0
        ],
        0.7610533227392194
      ],
      [
        [
          1
        ],
        0.48747998190711794
      ]
    ]
  },
  "2": {
    "parents": [],
    "prob": [
      [
        [],
        0.9291368619119792
      ]
    ]
  },
  "3": {
    "parents": [],
    "prob": [
      [
        [],
        0.5158790839693437
      ]
    ]
  },
  "4": {
    "parents": [
      0,
      2,
      3
    ],
    "prob": [
      [
        [
          0,
          0,
          0
        ],
        0.49996773443379505
      ],
      [
        [
          0,
          0,
          1
        ],
        0.017955774552689256
      ],
      [
        [
          0,
          1,
          0
        ],
        0.9174098372662629
      ],
      [
        [
          0,
          1,
          1
        ],
        0.7820698677736032
      ],
      [
        [
          1,
          0,
          0
        ],
        0.6986660791493096
      ],
      [
        [
          1,
          0,
          1
        ],
        0.3591533712895169
      ],
      [
        [
          1,
          1,
          0
        ],
        0.9290784936484731
      ],
      [
        [
          1,
          1,
          1
        ],
        0.9723702252587593
      ]
    ]
  },
  "5": {
    "parents": [],
    "prob": [
      [
        [],
        0.8498934299856346
      ]
    ]
  },
  "6": {
    "parents": [],
    "prob": [
      [
        [],
        0.5560747634904533
      ]
    ]
  },
  "7": {
    "parents": [
      6
    ],
    "prob": [
      [
        [
          0
        ],
        0.9876615102531348
      ],
      [
        [
          1
        ],
        0.22385069319923026
      ]
    ]
  },
  "8": {
    "parents": [
      5
    ],
    "prob": [
      [
        [
          0
        ],
        0.910568559330571
      ],
      [
        [
          1
        ],
        0.6901997734334812
      ]
    ]
  },
  "9": {
    "parents": [
      1,
      7,
      8
    ],
    "prob": [
      [
        [
          0,
          0,
          0
        ],
        0.6732612014615604
      ],
      [
        [
          0,
          0,
          1
        ],
        0.27494401720638123
      ],
      [
        [
          0,
          1,
          0
        ],
        0.7007671532231197
      ],
      [
        [
          0,
          1,
          1
        ],
        0.2889844546179343
      ],
      [
        [
          1,
          0,
          0
        ],
        0.9805933325811295
      ],
      [
        [
          1,
          0,
          1
        ],
        0.9675592663319559
      ],
      [
        [
          1,
          1,
          0
        ],
        0.17608764225391224
      ],
      [
        [
          1,
          1,
          1
        ],
        0.3784574035015872
      ]
    ]
  },
  "10": {
    "parents": [],
    "prob": [
      [
        [],
        0.25638616901372385
      ]
    ]
  },
  "11": {
    "parents": [
      10
    ],
    "prob": [
      [
        [
          0
        ],
        0.16884890881356746
      ],
      [
        [
          1
        ],
        0.4321180305231771
      ]
    ]
  },
  "12": {
    "parents": [
      0,
      10
    ],
    "prob": [
      [
        [
          0,
          0
        ],
        0.8714287120409769
      ],
      [
        [
          0,
          1
        ],
        0.2527697729014542
      ],
      [
        [
          1,
          0
        ],
        0.8018832609430565
      ],
      [
        [
          1,
          1
        ],
        0.12069982653259823
      ]
    ]
  },
  "13": {
    "parents": [],
    "prob": [
      [
        [],
        0.27268547233338186
      ]
    ]
  },
  "14": {
    "parents": [],
    "prob": [
      [
        [],
        0.4622565180791389
      ]
    ]
  },
  "15": {
    "parents": [
      13,
      14
    ],
    "prob": [
      [
        [
          0,
          0
        ],
        0.8951876017387196
      ],
      [
        [
          0,
          1
        ],
        0.9184473752725905
      ],
      [
        [
          1,
          0
        ],
        0.49811392176037866
      ],
      [
        [
          1,
          1
        ],
        0.7348621497373365
      ]
    ]
  },
  "16": {
    "parents": [
      2,
      14
    ],
    "prob": [
      [
        [
          0,
          0
        ],
        0.32976755361833554
      ],
      [
        [
          0,
          1
        ],
        0.3224952857506462
      ],
      [
        [
          1,
          0
        ],
        0.999501070166153
      ],
      [
        [
          1,
          1
        ],
        0.3374324643517946
      ]
    ]
  },
  "17": {
    "parents": [
      13
    ],
    "prob": [
      [
        [
          0
        ],
        0.8021102782178575
      ],
      [
        [
          1
        ],
        0.2895910844593281
      ]
    ]
  },
  "18": {
    "parents": [],
    "prob": [
      [
        [],
        0.6562648831623901
      ]
    ]
  },
  "19": {
    "parents": [
      18
    ],
    "prob": [
      [
        [
          0
        ],
        0.029550336217301527
      ],
      [
        [
          1
        ],
        0.7313388425823594
      ]
    ]
  }
}