{
  "0": {
    "parents": [],
    "prob": [
      [
        [],
        0.7176126053945615
      ]
    ]
  },
  "1": {
    "parents": [
      0
    ],
    "prob": [
      [
        [
          0
        ],
        0.8070115944337257
      ],
      [
        [
          1
        ],
        0.17206911075787312
      ]
    ]
  },
  "2": {
    "parents": [
      0
    ],
    "prob": [
      [
        [
          0
        ],
        0.675152548289068
      ],
      [
        [
          1
        ],
        0.07684414338255795
      ]
    ]
  },
  "3": {
    "parents": [
      1
    ],
    "prob": [
      [
        [
          0
        ],
        0.26772178310762834
      ],
      [
        [
          1
        ],
        0.23043654627532206
      ]
    ]
  },
  "4": {
    "parents": [
      1
    ],
    "prob": [
      [
        [
          0
        ],
        0.41903162800633437
      ],
      [
        [
          1
        ],
        0.10476319923060945
      ]
    ]
  },
  "5": {
    "parents": [],
    "prob": [
      [
        [],
        0.8322607129895728
      ]
    ]
  },
  "6": {
    "parents": [],
    "prob": [
      [
        [],
        0.7605798112730281
      ]
    ]
  },
  "7": {
    "parents": [
      6
    ],
    "prob": [
      [
        [
          0
        ],
        0.24993572539255413
      ],
      [
        [
          1
        ],
        0.7192162851159724
      ]
    ]
  },
  "8": {
    "parents": [
      0,
      5,
      7
    ],
    "prob": [
      [
        [
          0,
          0,
          0
        ],
        0.25685915614544796
      ],
      [
        [
          0,
          0,
          1
        ],
        0.9388665018901624
      ],
      [
        [
          0,
          1,
          0
        ],
        0.4727479809234906
      ],
      [
        [
          0,
          1,
          1
        ],
        0.8671038297412035
      ],
      [
        [
          1,
          0,
          0
        ],
        0.18625147138819556
      ],
      [
        [
          1,
          0,
          1
        ],
        0.7047092976135199
      ],
      [
        [
          1,
          1,
          0
        ],
        0.578872132648551
      ],
      [
        [
          1,
          1,
          1
        ],
        0.9878202850895585
      ]
    ]
  },
  "9": {
    "parents": [
      7
    ],
    "prob": [
      [
        [
          0
        ],
        0.5258096983911783
      ],
      [
        [
          1
        ],
        0.578220038414404
      ]
    ]
  },
  "10": {
    "parents": [
      9
    ],
    "prob": [
      [
        [
          0
        ],
        0.8796625708173981
      ],
      [
        [
          1
        ],
        0.6192809437493509
      ]
    ]
  },
  "11": {
    "parents": [],
    "prob": [
      [
        [],
        0.9689336521796948
      ]
    ]
  },
  "12": {
    "parents": [
      6
    ],
    "prob": [
      [
        [
          0
        ],
        0.4755246045445367
      ],
      [
        [
          1
        ],
        0.12075476072133681
      ]
    ]
  },
  "13": {
    "parents": [
      5,
      11
    ],
    "prob": [
      [
        [
          0,
          0
        ],
        0.6330621232107854
      ],
      [
        [
          0,
          1
        ],
        0.07947188526506088
      ],
      [
        [
          1,
          0
        ],
        0.5130540151616958
      ],
      [
        [
          1,
          1
        ],
        0.0479611210817735
      ]
    ]
  },
  "14": {
    "parents": [
      3
    ],
    "prob": [
      [
        [
          0
        ],
        0.3689177360756616
      ],
      [
        [
          1
        ],
        0.9527224815870107
      ]
    ]
  },
  "15": {
    "parents": [],
    "prob": [
      [
        [],
        0.6378770682670767
      ]
    ]
  },
  "16": {
    "parents": [],
    "prob": [
      [
        [],
        0.5547238269596101
      ]
    ]
  },
  "17": {
    "parents": [
      9,
      15
    ],
    "prob": [
      [
        [
          0,
          0
        ],
        0.6175934654685601
      ],
      [
        [
          0,
          1
        ],
        0.7098672594237698
      ],
      [
        [
          1,
          0
        ],
        0.5212740775001098
      ],
      [
        [
          1,
          1
        ],
        0.3006931951200597
      ]
    ]
  },
  "18": {
    "parents": [
      16
    ],
    "prob": [
      [
        [
          0
        ],
        0.49260752205433694
      ],
      [
        [
          1
        ],
        0.547098347332327
      ]
    ]
  },
  "19": {
    "parents": [
      18
    ],
    "prob": [
      [
        [
          0
        ],
        0.18861125970651524
      ],
      [
        [
          1
        ],
        0.0014639281829642208
      ]
    ]
  },
  "20": {
    "parents": [],
    "prob": [
      [
        [],
        0.4530261339756919
      ]
    ]
  },
  "21": {
    "parents": [
      16,
      17
    ],
    "prob": [
      [
        [
          0,
          0
        ],
        0.5116637994019545
      ],
      [
        [
          0,
          1
        ],
        0.8998565755710211
      ],
      [
        [
          1,
          0
        ],
        0.6489305514332887
      ],
      [
        [
          1,
          1
        ],
        0.28971760903706345
      ]
    ]
  },
  "22": {
    "parents": [
      0
    ],
    "prob": [
      [
        [
          0
        ],
        0.13193890602086678
      ],
      [
        [
          1
        ],
        0.3290077781474667
      ]
    ]
  },
  "23": {
    "parents": [
      14
    ],
    "prob": [
      [
        [
          0
        ],
        0.1262267360848571
      ],
      [
        [
          1
        ],
        0.774716500551535
      ]
    ]
  },
  "24": {
    "parents": [
      9
    ],
    "prob": [
      [
        [
          0
        ],
        0.8907627583397182
      ],
      [
        [
          1
        ],
        0.6465825656924781
      ]
    ]
  },
  "25": {
    "parents": [
      22
    ],
    "prob": [
      [
        [
          0
        ],
        0.04031347648701611
      ],
      [
        [
          1
        ],
        0.9854342945111697
      ]
    ]
  },
  "26": {
    "parents": [],
    "prob": [
      [
        [],
        0.06271504909768505
      ]
    ]
  },
  "27": {
    "parents": [
      20
    ],
    "prob": [
      [
        [
          0
        ],
        0.18634634244842838
      ],
      [
        [
          1
        ],
        0.5648078966592563
      ]
    ]
  },
  "28": {
    "parents": [
      20
    ],
    "prob": [
      [
        [
          0
        ],
        0.11027326308594788
      ],
      [
        [
          1
        ],
        0.03730743172903112
      ]
    ]
  },
  "29": {
    "parents": [
      0,
      20
    ],
    "prob": [
      [
        [
          0,
          0
        ],
        0.4832875935872589
      ],
      [
        [
          0,
          1
        ],
        0.7734348696434833
      ],
      [
        [
          1,
          0
        ],
        0.2521912685303396
      ],
      [
        [
          1,
          1
        ],
        0.9304840273830208
      ]
    ]
  },
  "30": {
    "parents": [
      25,
      26
    ],
    "prob": [
      [
        [
          0,
          0
        ],
        0.07368430756760702
      ],
      [
        [
          0,
          1
        ],
        0.5725121601666421
      ],
      [
        [
          1,
          0
        ],
        0.4765357724720732
      ],
      [
        [
          1,
          1
        ],
        0.8431077182342361
      ]
    ]
  },
  "31": {
    "parents": [],
    "prob": [
      [
        [],
        0.14917492944522032
      ]
    ]
  },
  "32": {
    "parents": [],
    "prob": [
      [
        [],
        0.6763163598914772
      ]
    ]
  },
  "33": {
    "parents": [
      32
    ],