{
  "0": {
    "parents": [],
    "prob": [
      [
        [],
        0.2344199220154813
      ]
    ]
  },
  "1": {
    "parents": [
      0
    ],
    "prob": [
      [
        [
          0
        ],
        0.7524993623975348
      ],
      [
        [
          1
        ],
        0.8385399941622899
      ]
    ]
  },
  "2": {
    "parents": [
      0
    ],
    "prob": [
      [
        [
          0
        ],
        0.11721651141558886
      ],
      [
        [
          1
        ],
        0.2113345180356974
      ]
    ]
  },
  "3": {
    "parents": [
      1
    ],
    "prob": [
      [
        [
          0
        ],
        0.7698998307224728
      ],
      [
        [
          1
        ],
        0.8043747839268384
      ]
    ]
  },
  "4": {
    "parents": [],
    "prob": [
      [
        [],
        0.7806206289071572
      ]
    ]
  },
  "5": {
    "parents": [],
    "prob": [
      [
        [],
        0.7056207459229127
      ]
    ]
  },
  "6": {
    "parents": [
      3
    ],
    "prob": [
      [
        [
          0
        ],
        0.6267424692221069
      ],
      [
        [
          1
        ],
        0.962725615975941
      ]
    ]
  },
  "7": {
    "parents": [
      3,
      5
    ],
    "prob": [
      [
        [
          0,
          0
        ],
        0.6482127244406064
      ],
      [
        [
          0,
          1
        ],
        0.9234336666407728
      ],
      [
        [
          1,
          0
        ],
        0.7314197421104157
      ],
      [
        [
          1,
          1
        ],
        0.5928117323284977
      ]
    ]
  },
  "8": {
    "parents": [],
    "prob": [
      [
        [],
        0.2110149182647788
      ]
    ]
  },
  "9": {
    "parents": [
      5,
      8
    ],
    "prob": [
      [
        [
          0,
          0
        ],
        0.24505146949014556
      ],
      [
        [
          0,
          1
        ],
        0.10564459586051123
      ],
      [
        [
          1,
          0
        ],
        0.6354563313535811
      ],
      [
        [
          1,
          1
        ],
        0.3792655138776488
      ]
    ]
  },
  "10": {
    "parents": [],
    "prob": [
      [
        [],
        0.2607570661287848
      ]
    ]
  },
  "11": {
    "parents": [
      2
    ],
    "prob": [
      [
        [
          0
        ],
        0.9384781469424616
      ],
      [
        [
          1
        ],
        0.23390555249471676
      ]
    ]
  },
  "12": {
    "parents": [
      4,
      10
    ],
    "prob": [
      [
        [
          0,
          0
        ],
        0.29249441828793793
      ],
      [
        [
          0,
          1
        ],
        0.7422944316224627
      ],
      [
        [
          1,
          0
        ],
        0.783005067910976
      ],
      [
        [
          1,
          1
        ],
        0.44649066720037117
      ]
    ]
  },
  "13": {
    "parents": [
      0,
      4
    ],
    "prob": [
      [
        [
          0,
          0
        ],
        0.13923757892064337
      ],
      [
        [
          0,
          1
        ],
        0.6266926787511827
      ],
      [
        [
          1,
          0
        ],
        0.8650501292191222
      ],
      [
        [
          1,
          1
        ],
        0.14184457303946435
      ]
    ]
  },
  "14": {
    "parents": [],
    "prob": [
      [
        [],
        0.9503590543897645
      ]
    ]
  },
  "15": {
    "parents": [
      7,
      14
    ],
    "prob": [
      [
        [
          0,
          0
        ],
        0.3209110384865892
      ],
      [
        [
          0,
          1
        ],
        6.660958053382571e-05
      ],
      [
        [
          1,
          0
        ],
        0.661496566861982
      ],
      [
        [
          1,
          1
        ],
        0.02811914825087894
      ]
    ]
  },
  "16": {
    "parents": [
      5
    ],
    "prob": [
      [
        [
          0
        ],
        0.7087373828391368
      ],
      [
        [
          1
        ],
        0.29915437278527096
      ]
    ]
  },
  "17": {
    "parents": [],
    "prob": [
      [
        [],
        0.032166050141715107
      ]
    ]
  },
  "18": {
    "parents": [
      17
    ],
    "prob": [
      [
        [
          0
        ],
        0.20104962526256118
      ],
      [
        [
          1
        ],
        0.50103460211798
      ]
    ]
  },
  "19": {
    "parents": [],
    "prob": [
      [
        [],
        0.2731731598244951
      ]
    ]
  },
  "20": {
    "parents": [],
    "prob": [
      [
        [],
        0.40092850479744074
      ]
    ]
  },
  "21": {
    "parents": [
      18,
      19
    ],
    "prob": [
      [
        [
          0,
          0
        ],
        0.3146646687212662
      ],
      [
        [
          0,
          1
        ],
        0.40045599709639096
      ],
      [
        [
          1,
          0
        ],
        0.34045980762428607
      ],
      [
        [
          1,
          1
        ],
        0.5732685174595065
      ]
    ]
  },
  "22": {
    "parents": [
      19,
      20
    ],
    "prob": [
      [
        [
          0,
          0
        ],
        0.8675237896647464
      ],
      [
        [
          0,
          1
        ],
        0.06436585566574847
      ],
      [
        [
          1,
          0
        ],
        0.8230857811808497
      ],
      [
        [
          1,
          1
        ],
        0.7644938502140389
      ]
    ]
  },
  "23": {
    "parents": [
      22
    ],
    "prob": [
      [
        [
          0
        ],
        0.7267237535086094
      ],
      [
        [
          1
        ],
        0.7507172734414198
      ]
    ]
  },
  "24": {
    "parents": [
      18
    ],
    "prob": [
      [
        [
          0
        ],
        0.17443003657033404
      ],
      [
        [
          1
        ],
        0.6497759494894096
      ]
    ]
  },
  "25": {
    "parents": [
      11,
      24
    ],
    "prob": [
      [
        [
          0,
          0
        ],
        0.8100023672401735
      ],
      [
        [
          0,
          1
        ],
        0.7049904151125505
      ],
      [
        [
          1,
          0
        ],
        0.44836674437732127
      ],
      [
        [
          1,
          1
        ],
        0.33093603141445743
      ]
    ]
  },
  "26": {
    "parents": [],
    "prob": [
      [
        [],
        0.2787703572170271
      ]
    ]
  },
  "27": {
    "parents": [],
    "prob": [
      [
        [],
        0.9975377293072573
      ]
    ]
  },
  "28": {
    "parents": [
      15
    ],
    "prob": [
      [
        [
          0
        ],
        0.19903841081553758
      ],
      [
        [
          1
        ],
        0.15640433309288906
      ]
    ]
  },
  "29": {
    "parents": [
      9,
      26,
      27
    ],
    "prob": [
      [
        [
          0,
          0,
          0
        ],
        0.8324704458416283
      ],
      [
        [
          0,
          0,
          1
        ],
        0.4868069576367724
      ],
      [
        [
          0,
          1,
          0
        ],
        0.28315067268538036
      ],
      [
        [
          0,
          1,
          1
        ],
        0.7283882044337073
      ],
      [
        [
          1,
          0,
          0
        ],
        0.24467316890463922
      ],
      [
        [
          1,
          0,
          1
        ],
        0.2965545495644265
      ],
      [
        [
          1,
          1,
          0
        ],
        0.7061567701584229
      ],
      [
        [
          1,
          1,
          1
        ],
        0.8140207530754132
      ]
    ]
  }
}