{
  "0": {
    "parents": [
      1,
      2
    ],
    "prob": [
      [
        [
          0,
          0
        ],
        0.28558655716380754
      ],
      [
        [
          0,
          1
        ],
        0.34098312640653033
      ],
      [
        [
          1,
          0
        ],
        0.0751924140738827
      ],
      [
        [
          1,
          1
        ],
        0.7397227266946338
      ]
    ]
  },
  "1": {
    "parents": [
      4,
      5,
      7
    ],
    "prob": [
      [
        [
          0,
          0,
          0
        ],
        0.947089871224586
      ],
      [
        [
          0,
          0,
          1
        ],
        0.4335907830520824
      ],
      [
        [
          0,
          1,
          0
        ],
        0.0883063606629812
      ],
      [
        [
          0,
          1,
          1
        ],
        0.9526869920659777
      ],
      [
        [
          1,
          0,
          0
        ],
        0.6099147535282964
      ],
      [
        [
          1,
          0,
          1
        ],
        0.2436271452913976
      ],
      [
        [
          1,
          1,
          0
        ],
        0.636967704751369
      ],
      [
        [
          1,
          1,
          1
        ],
        0.35936769752846925
      ]
    ]
  },
  "2": {
    "parents": [
      3,
      4,
      7,
      8,
      9
    ],
    "prob": [
      [
        [
          0,
          0,
          0,
          0,
          0
        ],
        0.7757215654071616
      ],
      [
        [
          0,
          0,
          0,
          0,
          1
        ],
        0.3927081697282635
      ],
      [
        [
          0,
          0,
          0,
          1,
          0
        ],
        0.8156823815908337
      ],
      [
        [
          0,
          0,
          0,
          1,
          1
        ],
        0.3837739547971151
      ],
      [
        [
          0,
          0,
          1,
          0,
          0
        ],
        0.8616868287805985
      ],
      [
        [
          0,
          0,
          1,
          0,
          1
        ],
        0.13346345797191195
      ],
      [
        [
          0,
          0,
          1,
          1,
          0
        ],
        0.0911120099180059
      ],
      [
        [
          0,
          0,
          1,
          1,
          1
        ],
        0.32599312275474784
      ],
      [
        [
          0,
          1,
          0,
          0,
          0
        ],
        0.6061229856927135
      ],
      [
        [
          0,
          1,
          0,
          0,
          1
        ],
        0.4060314481238405
      ],
      [
        [
          0,
          1,
          0,
          1,
          0
        ],
        0.4546673374617032
      ],
      [
        [
          0,
          1,
          0,
          1,
          1
        ],
        0.23418115753518043
      ],
      [
        [
          0,
          1,
          1,
          0,
          0
        ],
        0.7547588932869308
      ],
      [
        [
          0,
          1,
          1,
          0,
          1
        ],
        0.46618561104194917
      ],
      [
        [
          0,
          1,
          1,
          1,
          0
        ],
        0.19229176062499706
      ],
      [
        [
          0,
          1,
          1,
          1,
          1
        ],
        0.2509924276429077
      ],
      [
        [
          1,
          0,
          0,
          0,
          0
        ],
        0.5625722734006287
      ],
      [
        [
          1,
          0,
          0,
          0,
          1
        ],
        0.1282820170625334
      ],
      [
        [
          1,
          0,
          0,
          1,
          0
        ],
        0.2086771228409856
      ],
      [
        [
          1,
          0,
          0,
          1,
          1
        ],
        0.5650443542976323
      ],
      [
        [
          1,
          0,
          1,
          0,
          0
        ],
        0.42653446547142587
      ],
      [
        [
          1,
          0,
          1,
          0,
          1
        ],
        0.9190472418773913
      ],
      [
        [
          1,
          0,
          1,
          1,
          0
        ],
        0.9493994609963463
      ],
      [
        [
          1,
          0,
          1,
          1,
          1
        ],
        0.6734000343539007
      ],
      [
        [
          1,
          1,
          0,
          0,
          0
        ],
        0.4541661509168366
      ],
      [
        [
          1,
          1,
          0,
          0,
          1
        ],
        0.3882686046838339
      ],
      [
        [
          1,
          1,
          0,
          1,
          0
        ],
        0.006672448758481584
      ],
      [
        [
          1,
          1,
          0,
          1,
          1
        ],
        0.5930358445402347
      ],
      [
        [
          1,
          1,
          1,
          0,
          0
        ],
        0.3283788195014545
      ],
      [
        [
          1,
          1,
          1,
          0,
          1
        ],
        0.3055408827724613
      ],
      [
        [
          1,
          1,
          1,
          1,
          0
        ],
        0.9273837711776887
      ],
      [
        [
          1,
          1,
          1,
          1,
          1
        ],
        0.37067017612950515
      ]
    ]
  },
  "3": {
    "parents": [
      8,
      9
    ],
    "prob": [
      [
        [
          0,
          0
        ],
        0.5659096310282178
      ],
      [
        [
          0,
          1
        ],
        0.21609871775699258
      ],
      [
        [
          1,
          0
        ],
        0.09408962672065718
      ],
      [
        [
          1,
          1
        ],
        0.09531152093227413
      ]
    ]
  },
  "4": {
    "parents": [
      6,
      7,
      9
    ],
    "prob": [
      [
        [
          0,
          0,
          0
        ],
        0.09830904331855723
      ],
      [
        [
          0,
          0,
          1
        ],
        0.9198552632711481
      ],
      [
        [
          0,
          1,
          0
        ],
        0.6095190176633595
      ],
      [
        [
          0,
          1,
          1
        ],
        0.6688173719867837
      ],
      [
        [
          1,
          0,
          0
        ],
        0.44481202274245296
      ],
      [
        [
          1,
          0,
          1
        ],
        0.2064502104471161
      ],
      [
        [
          1,
          1,
          0
        ],
        0.3604690124166204
      ],
      [
        [
          1,
          1,
          1
        ],
        0.2014132571107952
      ]
    ]
  },
  "5": {
    "parents": [
      8
    ],
    "prob": [
      [
        [
          0
        ],
        0.12821242457945725
      ],
      [
        [
          1
        ],
        0.3568367774535235
      ]
    ]
  },
  "6": {
    "parents": [
      7,
      9
    ],
    "prob": [
      [
        [
          0,
          0
        ],
        0.46546679623268367
      ],
      [
        [
          0,
          1
        ],
        0.38245397018739463
      ],
      [
        [
          1,
          0
        ],
        0.871635723664146
      ],
      [
        [
          1,
          1
        ],
        0.6562379118051351
      ]
    ]
  },
  "7": {
    "parents": [
      8,
      9
    ],