{
  "0": {
    "parents": [],
    "prob": [
      [
        [],
        0.19238336880924556
      ]
    ]
  },
  "1": {
    "parents": [
      0
    ],
    "prob": [
      [
        [
          0
        ],
        0.5067696795030205
      ],
      [
        [
          1
        ],
        0.8332705911941242
      ]
    ]
  },
  "2": {
    "parents": [
      1
    ],
    "prob": [
      [
        [
          0
        ],
        0.2589474822961991
      ],
      [
        [
          1
        ],
        0.07441385689564829
      ]
    ]
  },
  "3": {
    "parents": [
      1
    ],
    "prob": [
      [
        [
          0
        ],
        0.3686099451679553
      ],
      [
        [
          1
        ],
        0.6177115573912713
      ]
    ]
  },
  "4": {
    "parents": [
      2
    ],
    "prob": [
      [
        [
          0
        ],
        0.9807985301779961
      ],
      [
        [
          1
        ],
        0.8891752164146983
      ]
    ]
  },
  "5": {
    "parents": [
      3
    ],
    "prob": [
      [
        [
          0
        ],
        0.19192977684962823
      ],
      [
        [
          1
        ],
        0.9700691911134045
      ]
    ]
  },
  "6": {
    "parents": [
      1
    ],
    "prob": [
      [
        [
          0
        ],
        0.3102267916130096
      ],
      [
        [
          1
        ],
        0.7775952034355369
      ]
    ]
  },
  "7": {
    "parents": [
      1
    ],
    "prob": [
      [
        [
          0
        ],
        0.9626131761108312
      ],
      [
        [
          1
        ],
        0.2435326340972311
      ]
    ]
  },
  "8": {
    "parents": [
      6
    ],
    "prob": [
      [
        [
          0
        ],
        0.058989580645792475
      ],
      [
        [
          1
        ],
        0.6455009052647986
      ]
    ]
  },
  "9": {
    "parents": [
      8
    ],
    "prob": [
      [
        [
          0
        ],
        0.4850471317940263
      ],
      [
        [
          1
        ],
        0.45736810829477914
      ]
    ]
  },
  "10": {
    "parents": [
      2
    ],
    "prob": [
      [
        [
          0
        ],
        0.31165141958616305
      ],
      [
        [
          1
        ],
        0.21781723642173492
      ]
    ]
  },
  "11": {
    "parents": [
      2
    ],
    "prob": [
      [
        [
          0
        ],
        0.43284826223136086
      ],
      [
        [
          1
        ],
        0.833167278241642
      ]
    ]
  },
  "12": {
    "parents": [
      10
    ],
    "prob": [
      [
        [
          0
        ],
        0.16980325753710807
      ],
      [
        [
          1
        ],
        0.3419555905663849
      ]
    ]
  },
  "13": {
    "parents": [
      8
    ],
    "prob": [
      [
        [
          0
        ],
        0.2475421094391801
      ],
      [
        [
          1
        ],
        0.6014083083058683
      ]
    ]
  },
  "14": {
    "parents": [
      11
    ],
    "prob": [
      [
        [
          0
        ],
        0.838568277972375
      ],
      [
        [
          1
        ],
        0.16390190047327963
      ]
    ]
  },
  "15": {
    "parents": [
      4
    ],
    "prob": [
      [
        [
          0
        ],
        0.03805264777260471
      ],
      [
        [
          1
        ],
        0.12423993073665013
      ]
    ]
  },
  "16": {
    "parents": [
      10
    ],
    "prob": [
      [
        [
          0
        ],
        0.056083315413148926
      ],
      [
        [
          1
        ],
        0.03433130267086864
      ]
    ]
  },
  "17": {
    "parents": [
      14
    ],
    "prob": [
      [
        [
          0
        ],
        0.8009982936357238
      ],
      [
        [
          1
        ],
        0.640802404628795
      ]
    ]
  },
  "18": {
    "parents": [
      13
    ],
    "prob": [
      [
        [
          0
        ],
        0.25356362987883996
      ],
      [
        [
          1
        ],
        0.45087719132615606
      ]
    ]
  },
  "19": {
    "parents": [
      18
    ],
    "prob": [
      [
        [
          0
        ],
        0.6492597708980236
      ],
      [
        [
          1
        ],
        0.10740131314055715
      ]
    ]
  },
  "20": {
    "parents": [
      4
    ],
    "prob": [
      [
        [
          0
        ],
        0.19301870720829714
      ],
      [
        [
          1
        ],
        0.46575544429431426
      ]
    ]
  },
  "21": {
    "parents": [
      11
    ],
    "prob": [
      [
        [
          0
        ],
        0.6582439870350723
      ],
      [
        [
          1
        ],
        0.08763535639661414
      ]
    ]
  },
  "22": {
    "parents": [
      13
    ],
    "prob": [
      [
        [
          0
        ],
        0.874715276320205
      ],
      [
        [
          1
        ],
        0.641498762291609
      ]
    ]
  },
  "23": {
    "parents": [
      7
    ],
    "prob": [
      [
        [
          0
        ],
        0.7237887262773764
      ],
      [
        [
          1
        ],
        0.48212185322573675
      ]
    ]
  },
  "24": {
    "parents": [
      17
    ],
    "prob": [
      [
        [
          0
        ],
        0.7745331613790272
      ],
      [
        [
          1
        ],
        0.810529327564389
      ]
    ]
  }
}