{
  "0": {
    "parents": [],
    "prob": [
      [
        [],
        0.139747268709077
      ]
    ]
  },
  "1": {
    "parents": [
      0
    ],
    "prob": [
      [
        [
          0
        ],
        0.9999999999999765
      ],
      [
        [
          1
        ],
        0.9214009341802473
      ]
    ]
  },
  "2": {
    "parents": [
      0
    ],
    "prob": [
      [
        [
          0
        ],
        0.9999048448340317
      ],
      [
        [
          1
        ],
        0.8411135458179474
      ]
    ]
  },
  "3": {
    "parents": [
      2
    ],
    "prob": [
      [
        [
          0
        ],
        0.9999993082164395
      ],
      [
        [
          1
        ],
        0.8506664637875094
      ]
    ]
  },
  "4": {
    "parents": [
      0
    ],
    "prob": [
      [
        [
          0
        ],
        0.9999965078080963
      ],
      [
        [
          1
        ],
        0.9949675255919773
      ]
    ]
  },
  "5": {
    "parents": [
      1
    ],
    "prob": [
      [
        [
          0
        ],
        0.996807051453387
      ],
      [
        [
          1
        ],
        0.9999932111511252
      ]
    ]
  },
  "6": {
    "parents": [
      4
    ],
    "prob": [
      [
        [
          0
        ],
        0.9999992186390864
      ],
      [
        [
          1
        ],
        0.9984823795668747
      ]
    ]
  },
  "7": {
    "parents": [
      2
    ],
    "prob": [
      [
        [
          0
        ],
        0.9966408581433839
      ],
      [
        [
          1
        ],
        0.9999569350782004
      ]
    ]
  },
  "8": {
    "parents": [
      3
    ],
    "prob": [
      [
        [
          0
        ],
        0.9963075046970475
      ],
      [
        [
          1
        ],
        0.9999999999952622
      ]
    ]
  },
  "9": {
    "parents": [
      8
    ],
    "prob": [
      [
        [
          0
        ],
        0.8960431182781383
      ],
      [
        [
          1
        ],
        0.9999999943543785
      ]
    ]
  },
  "10": {
    "parents": [
      3
    ],
    "prob": [
      [
        [
          0
        ],
        0.9534298172745823
      ],
      [
        [
          1
        ],
        0.9999999999996885
      ]
    ]
  },
  "11": {
    "parents": [
      6
    ],
    "prob": [
      [
        [
          0
        ],
        0.9999912172828916
      ],
      [
        [
          1
        ],
        0.03412877120156019
      ]
    ]
  },
  "12": {
    "parents": [
      8
    ],
    "prob": [
      [
        [
          0
        ],
        0.9643418990850383
      ],
      [
        [
          1
        ],
        0.23932079685826751
      ]
    ]
  },
  "13": {
    "parents": [
      2
    ],
    "prob": [
      [
        [
          0
        ],
        0.9999975656501116
      ],
      [
        [
          1
        ],
        0.41346162582507967
      ]
    ]
  },
  "14": {
    "parents": [
      12
    ],
    "prob": [
      [
        [
          0
        ],
        0.9999999267774221
      ],
      [
        [
          1
        ],
        0.9999821448961803
      ]
    ]
  }
}