{
  "0": {
    "parents": [],
    "prob": [
      [
        [],
        0.33013734893700486
      ]
    ]
  },
  "1": {
    "parents": [
      0
    ],
    "prob": [
      [
        [
          0
        ],
        0.8577337269471259
      ],
      [
        [
          1
        ],
        0.9927509428568961
      ]
    ]
  },
  "2": {
    "parents": [
      0
    ],
    "prob": [
      [
        [
          0
        ],
        0.9406633942300759
      ],
      [
        [
          1
        ],
        0.9596331780306933
      ]
    ]
  },
  "3": {
    "parents": [
      0
    ],
    "prob": [
      [
        [
          0
        ],
        0.40906617794863454
      ],
      [
        [
          1
        ],
        0.9999999587732065
      ]
    ]
  },
  "4": {
    "parents": [
      1
    ],
    "prob": [
      [
        [
          0
        ],
        0.03506539041535333
      ],
      [
        [
          1
        ],
        0.8666119347312448
      ]
    ]
  },
  "5": {
    "parents": [
      0
    ],
    "prob": [
      [
        [
          0
        ],
        0.8654028052876988
      ],
      [
        [
          1
        ],
        0.9809793634279331
      ]
    ]
  },
  "6": {
    "parents": [
      4
    ],
    "prob": [
      [
        [
          0
        ],
        0.9696685471441897
      ],
      [
        [
          1
        ],
        0.9025181956214743
      ]
    ]
  },
  "7": {
    "parents": [
      0
    ],
    "prob": [
      [
        [
          0
        ],
        0.9237375048717613
      ],
      [
        [
          1
        ],
        0.9813438253037609
      ]
    ]
  },
  "8": {
    "parents": [
      6
    ],
    "prob": [
      [
        [
          0
        ],
        0.6768258493042917
      ],
      [
        [
          1
        ],
        0.6023456695862293
      ]
    ]
  },
  "9": {
    "parents": [
      7
    ],
    "prob": [
      [
        [
          0
        ],
        0.4365782386898222
      ],
      [
        [
          1
        ],
        0.21508268727893615
      ]
    ]
  },
  "10": {
    "parents": [
      4
    ],
    "prob": [
      [
        [
          0
        ],
        0.6044469387460191
      ],
      [
        [
          1
        ],
        0.8437449487269584
      ]
    ]
  },
  "11": {
    "parents": [
      8
    ],
    "prob": [
      [
        [
          0
        ],
        0.86569263564726
      ],
      [
        [
          1
        ],
        0.08782513350040394
      ]
    ]
  },
  "12": {
    "parents": [
      0
    ],
    "prob": [
      [
        [
          0
        ],
        0.996355635257171
      ],
      [
        [
          1
        ],
        0.04520185767751619
      ]
    ]
  },
  "13": {
    "parents": [
      7
    ],
    "prob": [
      [
        [
          0
        ],
        0.10446095311087594
      ],
      [
        [
          1
        ],
        0.773326627618387
      ]
    ]
  },
  "14": {
    "parents": [
      12
    ],
    "prob": [
      [
        [
          0
        ],
        0.08226736793183569
      ],
      [
        [
          1
        ],
        0.9881957086750593
      ]
    ]
  },
  "15": {
    "parents": [
      6
    ],
    "prob": [
      [
        [
          0
        ],
        0.9000931027202389
      ],
      [
        [
          1
        ],
        0.08286329580748217
      ]
    ]
  },
  "16": {
    "parents": [
      0
    ],
    "prob": [
      [
        [
          0
        ],
        0.9397071338474493
      ],
      [
        [
          1
        ],
        0.7521674162632016
      ]
    ]
  },
  "17": {
    "parents": [
      13
    ],
    "prob": [
      [
        [
          0
        ],
        0.9345340493221563
      ],
      [
        [
          1
        ],
        0.9868329766314304
      ]
    ]
  },
  "18": {
    "parents": [
      3
    ],
    "prob": [
      [
        [
          0
        ],
        0.7170452996512361
      ],
      [
        [
          1
        ],
        0.32700846252413596
      ]
    ]
  },
  "19": {
    "parents": [
      12
    ],
    "prob": [
      [
        [
          0
        ],
        0.4865516446231566
      ],
      [
        [
          1
        ],
        0.602289313973243
      ]
    ]
  },
  "20": {
    "parents": [
      16
    ],
    "prob": [
      [
        [
          0
        ],
        0.11191921046223625
      ],
      [
        [
          1
        ],
        0.27366720038361325
      ]
    ]
  },
  "21": {
    "parents": [
      11
    ],
    "prob": [
      [
        [
          0
        ],
        0.9824379105880212
      ],
      [
        [
          1
        ],
        0.22903477581581624
      ]
    ]
  },
  "22": {
    "parents": [
      2
    ],
    "prob": [
      [
        [
          0
        ],
        0.27336958777940845
      ],
      [
        [
          1
        ],
        0.9808819639953803
      ]
    ]
  },
  "23": {
    "parents": [
      13
    ],
    "prob": [
      [
        [
          0
        ],
        0.29406071548666307
      ],
      [
        [
          1
        ],
        0.8049647351685179
      ]
    ]
  },
  "24": {
    "parents": [
      18
    ],
    "prob": [
      [
        [
          0
        ],
        0.6252293772399368
      ],
      [
        [
          1
        ],
        0.5007133467214063
      ]
    ]
  },
  "25": {
    "parents": [
      18
    ],
    "prob": [
      [
        [
          0
        ],
        0.999423160438659
      ],
      [
        [
          1
        ],
        0.9964070945695402
      ]
    ]
  },
  "26": {
    "parents": [
      4
    ],
    "prob": [
      [
        [
          0
        ],
        0.754267800033658
      ],
      [
        [
          1
        ],
        0.7670502510910543
      ]
    ]
  },
  "27": {
    "parents": [
      12
    ],
    "prob": [
      [
        [
          0
        ],
        0.6777665687140344
      ],
      [
        [
          1
        ],
        0.9993917542196339
      ]
    ]
  },
  "28": {
    "parents": [
      0
    ],
    "prob": [
      [
        [
          0
        ],
        0.9988169147272566
      ],
      [
        [
          1
        ],
        0.4390598336873673
      ]
    ]
  },
  "29": {
    "parents": [
      11
    ],
    "prob": [
      [
        [
          0
        ],
        0.6583774322689888
      ],
      [
        [
          1
        ],
        0.02817024023990142
      ]
    ]
  },
  "30": {
    "parents": [
      20
    ],
    "prob": [
      [
        [
          0
        ],
        0.07408349311464653
      ],
      [
        [
          1
        ],
        0.5664838871190815
      ]
    ]
  },
  "31": {
    "parents": [
      25
    ],
    "prob": [
      [
        [
          0
        ],
        0.6525283676170623
      ],
      [
        [
          1
        ],
        0.7373924077960882
      ]
    ]
  },
  "32": {
    "parents": [
      11
    ],
    "prob": [
      [
        [
          0
        ],
        0.8152595074240068
      ],
      [
        [
          1
        ],
        0.9294731121801884
      ]
    ]
  },
  "33": {
    "parents": [
      7
    ],
    "prob": [
      [
        [
          0
        ],
        0.5697699611639574
      ],
      [
        [
          1
        ],
        0.7686542735651439
      ]
    ]
  },
  "34": {
    "parents": [
      33
    ],
    "prob": [
      [
        [
          0
        ],
        0.9512976343731557
      ],
      [
        [
          1
        ],
        0.05525517549458866
      ]
    ]
  }
}