{
  "0": {
    "parents": [],
    "prob": [
      [
        [],
        0.1798988048102786
      ]
    ]
  },
  "1": {
    "parents": [
      0
    ],
    "prob": [
      [
        [
          0
        ],
        0.9819379397374721
      ],
      [
        [
          1
        ],
        0.6451630300993703
      ]
    ]
  },
  "2": {
    "parents": [
      0
    ],
    "prob": [
      [
        [
          0
        ],
        0.49181967946968336
      ],
      [
        [
          1
        ],
        0.9978205618869319
      ]
    ]
  },
  "3": {
    "parents": [
      1
    ],
    "prob": [
      [
        [
          0
        ],
        0.8383027114332315
      ],
      [
        [
          1
        ],
        0.9504336142558469
      ]
    ]
  },
  "4": {
    "parents": [
      3
    ],
    "prob": [
      [
        [
          0
        ],
        0.3574283609527608
      ],
      [
        [
          1
        ],
        0.5243681455308155
      ]
    ]
  },
  "5": {
    "parents": [
      0
    ],
    "prob": [
      [
        [
          0
        ],
        0.5868793839978859
      ],
      [
        [
          1
        ],
        0.9858069544091147
      ]
    ]
  },
  "6": {
    "parents": [
      1
    ],
    "prob": [
      [
        [
          0
        ],
        0.7969280458615585
      ],
      [
        [
          1
        ],
        0.44784045741039363
      ]
    ]
  },
  "7": {
    "parents": [
      1
    ],
    "prob": [
      [
        [
          0
        ],
        0.0898123080569562
      ],
      [
        [
          1
        ],
        0.9998463699739967
      ]
    ]
  },
  "8": {
    "parents": [
      3
    ],
    "prob": [
      [
        [
          0
        ],
        0.7017052643900666
      ],
      [
        [
          1
        ],
        0.9735702165402832
      ]
    ]
  },
  "9": {
    "parents": [
      8
    ],
    "prob": [
      [
        [
          0
        ],
        0.1447467414979287
      ],
      [
        [
          1
        ],
        0.5493681976066247
      ]
    ]
  },
  "10": {
    "parents": [
      2
    ],
    "prob": [
      [
        [
          0
        ],
        0.5824037076322166
      ],
      [
        [
          1
        ],
        0.9257247622236415
      ]
    ]
  },
  "11": {
    "parents": [
      7
    ],
    "prob": [
      [
        [
          0
        ],
        0.31820144025348307
      ],
      [
        [
          1
        ],
        0.7554593587633082
      ]
    ]
  },
  "12": {
    "parents": [
      1
    ],
    "prob": [
      [
        [
          0
        ],
        0.9808063932462452
      ],
      [
        [
          1
        ],
        0.899678894473575
      ]
    ]
  },
  "13": {
    "parents": [
      11
    ],
    "prob": [
      [
        [
          0
        ],
        0.996284624827968
      ],
      [
        [
          1
        ],
        0.25504181111633434
      ]
    ]
  },
  "14": {
    "parents": [
      3
    ],
    "prob": [
      [
        [
          0
        ],
        0.4063182871748534
      ],
      [
        [
          1
        ],
        0.9948751486800648
      ]
    ]
  }
}