{
  "0": {
    "parents": [],
    "prob": [
      [
        [],
        0.30085633847008814
      ]
    ]
  },
  "1": {
    "parents": [
      0
    ],
    "prob": [
      [
        [
          0
        ],
        0.7268329252675619
      ],
      [
        [
          1
        ],
        0.12397398850736024
      ]
    ]
  },
  "2": {
    "parents": [
      0
    ],
    "prob": [
      [
        [
          0
        ],
        0.4903538724909622
      ],
      [
        [
          1
        ],
        0.9987691765099294
      ]
    ]
  },
  "3": {
    "parents": [
      2
    ],
    "prob": [
      [
        [
          0
        ],
        0.4758045881865385
      ],
      [
        [
          1
        ],
        0.2786403063555145
      ]
    ]
  },
  "4": {
    "parents": [
      0
    ],
    "prob": [
      [
        [
          0
        ],
        0.4919432629053275
      ],
      [
        [
          1
        ],
        0.4307863597258562
      ]
    ]
  }
}