{
  "0": {
    "parents": [],
    "prob": [
      [
        [],
        0.9999999808372433
      ]
    ]
  },
  "1": {
    "parents": [
      0
    ],
    "prob": [
      [
        [
          0
        ],
        1.0
      ],
      [
        [
          1
        ],
        0.9999695953277137
      ]
    ]
  },
  "2": {
    "parents": [
      0
    ],
    "prob": [
      [
        [
          0
        ],
        0.5046472503317305
      ],
      [
        [
          1
        ],
        0.9506582354103623
      ]
    ]
  },
  "3": {
    "parents": [
      1
    ],
    "prob": [
      [
        [
          0
        ],
        0.9999679737439056
      ],
      [
        [
          1
        ],
        0.8085670152927443
      ]
    ]
  },
  "4": {
    "parents": [
      2
    ],
    "prob": [
      [
        [
          0
        ],
        0.9992147155310105
      ],
      [
        [
          1
        ],
        0.9532435507147982
      ]
    ]
  },
  "5": {
    "parents": [
      1
    ],
    "prob": [
      [
        [
          0
        ],
        0.999999155550945
      ],
      [
        [
          1
        ],
        0.9999830533594166
      ]
    ]
  },
  "6": {
    "parents": [
      1
    ],
    "prob": [
      [
        [
          0
        ],
        0.4568675239707614
      ],
      [
        [
          1
        ],
        0.7824678148005997
      ]
    ]
  },
  "7": {
    "parents": [
      6
    ],
    "prob": [
      [
        [
          0
        ],
        0.999894797898878
      ],
      [
        [
          1
        ],
        0.6648176854512426
      ]
    ]
  },
  "8": {
    "parents": [
      5
    ],
    "prob": [
      [
        [
          0
        ],
        0.5017466064327756
      ],
      [
        [
          1
        ],
        0.9878584219284842
      ]
    ]
  },
  "9": {
    "parents": [
      6
    ],
    "prob": [
      [
        [
          0
        ],
        0.9995672017507645
      ],
      [
        [
          1
        ],
        0.9601591047515419
      ]
    ]
  },
  "10": {
    "parents": [
      2
    ],
    "prob": [
      [
        [
          0
        ],
        0.9999854774811517
      ],
      [
        [
          1
        ],
        0.9998269125008498
      ]
    ]
  },
  "11": {
    "parents": [
      0
    ],
    "prob": [
      [
        [
          0
        ],
        0.9999584134162574
      ],
      [
        [
          1
        ],
        0.9999998711226724
      ]
    ]
  },
  "12": {
    "parents": [
      9
    ],
    "prob": [
      [
        [
          0
        ],
        0.9986523525206811
      ],
      [
        [
          1
        ],
        0.9999999358878219
      ]
    ]
  },
  "13": {
    "parents": [
      0
    ],
    "prob": [
      [
        [
          0
        ],
        0.9999556152866395
      ],
      [
        [
          1
        ],
        0.8162902169693285
      ]
    ]
  },
  "14": {
    "parents": [
      2
    ],
    "prob": [
      [
        [
          0
        ],
        0.8761648428340582
      ],
      [
        [
          1
        ],
        0.33690574287272096
      ]
    ]
  },
  "15": {
    "parents": [
      8
    ],
    "prob": [
      [
        [
          0
        ],
        0.9992946384464312
      ],
      [
        [
          1
        ],
        0.9999999999842512
      ]
    ]
  },
  "16": {
    "parents": [
      14
    ],
    "prob": [
      [
        [
          0
        ],
        0.9992975592611631
      ],
      [
        [
          1
        ],
        0.997853830257302
      ]
    ]
  },
  "17": {
    "parents": [
      7
    ],
    "prob": [
      [
        [
          0
        ],
        0.996644658662204
      ],
      [
        [
          1
        ],
        0.8133364175362028
      ]
    ]
  },
  "18": {
    "parents": [
      13
    ],
    "prob": [
      [
        [
          0
        ],
        0.994975703494256
      ],
      [
        [
          1
        ],
        0.9999999974631567
      ]
    ]
  },
  "19": {
    "parents": [
      16
    ],
    "prob": [
      [
        [
          0
        ],
        0.9769100427713246
      ],
      [
        [
          1
        ],
        0.8524190440503814
      ]
    ]
  },
  "20": {
    "parents": [
      1
    ],
    "prob": [
      [
        [
          0
        ],
        0.958092060813177
      ],
      [
        [
          1
        ],
        0.9995837427507928
      ]
    ]
  },
  "21": {
    "parents": [
      2
    ],
    "prob": [
      [
        [
          0
        ],
        0.9999997638194005
      ],
      [
        [
          1
        ],
        0.9999999483872875
      ]
    ]
  },
  "22": {
    "parents": [
      2
    ],
    "prob": [
      [
        [
          0
        ],
        0.9901778410169324
      ],
      [
        [
          1
        ],
        1.0
      ]
    ]
  },
  "23": {
    "parents": [
      10
    ],
    "prob": [
      [
        [
          0
        ],
        0.995519440125987
      ],
      [
        [
          1
        ],
        0.9917589511124593
      ]
    ]
  },
  "24": {
    "parents": [
      18
    ],
    "prob": [
      [
        [
          0
        ],
        0.9999999999770396
      ],
      [
        [
          1
        ],
        0.9974239274143006
      ]
    ]
  }
}